,age_kyrBP,Z
0,0.0,1.0
1,1.0,0.9969319622676188
2,2.0,0.9880403722999239
3,3.0,0.973767885503028
4,4.0,0.9543780599544547
5,5.0,0.9299834548393586
6,6.0,0.9005220737565891
7,7.0,0.8658775676771684
8,8.0,0.8260038846019662
9,9.0,0.7809252695616997
10,10.0,0.7306861665312505
11,11.0,0.6752962185457
12,12.0,0.6150159061814915
13,13.0,0.5501626371097006
14,14.0,0.48109225326456856
15,15.0,0.4081990308435036
16,16.0,0.3319156803070789
17,17.0,0.2528754607230638
18,18.0,0.17200307918370789
19,19.0,0.09004129282683551
20,20.0,0.007828533224473244
21,21.0,-0.07369116826506206
22,22.0,-0.15340052588120343
23,23.0,-0.230198462325634
24,24.0,-0.30305797605634555
25,25.0,-0.3707633391827727
26,26.0,-0.43190698533070293
27,27.0,-0.48497945514431773
28,28.0,-0.5288685810346497
29,29.0,-0.5626609651126978
30,30.0,-0.5854804331009413
31,31.0,-0.5964878551341583
32,32.0,-0.5949634888792137
33,33.0,-0.5809061884459857
34,34.0,-0.5543508194917588
35,35.0,-0.5156322439062684
36,36.0,-0.4654873723834302
37,37.0,-0.40505516442134176
38,38.0,-0.33587566513658335
39,39.0,-0.25954909888785804
40,40.0,-0.17743967743429168
41,41.0,-0.09119872040718385
42,42.0,-0.002783463046553969
43,43.0,0.08557166604085593
44,44.0,0.17203511790048043
45,45.0,0.2552656424668335
46,46.0,0.333763954648582
47,47.0,0.40584105530561443
48,48.0,0.46991162092095007
49,49.0,0.525264330052434
50,50.0,0.5713277083752103
51,51.0,0.6075739033352938
52,52.0,0.6335314909211199
53,53.0,0.6493651668351798
54,54.0,0.6556130691463324
55,55.0,0.652855472484967
56,56.0,0.6418683038905632
57,57.0,0.6236231428116921
58,58.0,0.599452083782663
59,59.0,0.5708417545407019
60,60.0,0.5386488836540997
61,61.0,0.5041521043513811
62,62.0,0.4691177533983659
63,63.0,0.4356251604917693
64,64.0,0.4045059584508291
65,65.0,0.37646529994247807
66,66.0,0.35251357519853416
67,67.0,0.33388373336760757
68,68.0,0.3218571076339137
69,69.0,0.31662195548094624
70,70.0,0.31811703369097444
71,71.0,0.3264629101530692
72,72.0,0.34194494267909203
73,73.0,0.3645882315461347
74,74.0,0.3937314919346269
75,75.0,0.42884186546888325
76,76.0,0.46918472531979694
77,77.0,0.5138245370834783
78,78.0,0.5617963040909921
79,79.0,0.611991382552656
80,80.0,0.6632549548372559
81,81.0,0.7144604681425877
82,82.0,0.7645096344954575
83,83.0,0.8123217046986461
84,84.0,0.8565736448978469
85,85.0,0.896554727851883
86,86.0,0.9317883745397709
87,87.0,0.9617341033733569
88,88.0,0.9857875301973146
89,89.0,1.003294601265171
90,90.0,1.0140824932059296
91,91.0,1.0184447467928095
92,92.0,1.0166279595689953
93,93.0,1.0088419758669065
94,94.0,0.9952598868081954
95,95.0,0.9759966930012628
96,96.0,0.9512490332552315
97,97.0,0.9219253639786787
98,98.0,0.8888174069098106
99,99.0,0.8524502523864061
100,100.0,0.8130823593458172
101,101.0,0.7707309679865693
102,102.0,0.7264668368552579
103,103.0,0.6808803342496688
104,104.0,0.6341307525514229
105,105.0,0.586686572989393
106,106.0,0.5393254656397027
107,107.0,0.4931342894257305
108,108.0,0.44887487623065225
109,109.0,0.4064784563518416
110,110.0,0.3662211964345043
111,111.0,0.32849718774167935
112,112.0,0.29381751630035835
113,113.0,0.26280684085627876
114,114.0,0.23574235683116057
115,115.0,0.21253004382825433
116,116.0,0.19316404000020884
117,117.0,0.17763677531640248
118,118.0,0.16593897156294124
119,119.0,0.15783762978652247
120,120.0,0.15272803067195556
121,121.0,0.1500590742814535
122,122.0,0.14923534857574802
123,123.0,0.14961664581632556
124,124.0,0.15042258334392242
125,125.0,0.15079211592803454
126,126.0,0.1499939927018643
127,127.0,0.14709616004833823
128,128.0,0.1410587146729427
129,129.0,0.13115129526081856
130,130.0,0.11673203779532494
131,131.0,0.09714485655976532
132,132.0,0.07173025208112563
133,133.0,0.04003643094954389
134,134.0,0.0017752808488544075
135,135.0,-0.04323946860956441
136,136.0,-0.09489919628130823
137,137.0,-0.15287321882855737
138,138.0,-0.2167917479030961
139,139.0,-0.28605739416731524
140,140.0,-0.35989155164870945
141,141.0,-0.43752134747067994
142,142.0,-0.5177186155449294
143,143.0,-0.5987927722679268
144,144.0,-0.6786182762555045
145,145.0,-0.7551853360895284
146,146.0,-0.8266123356385302
147,147.0,-0.8907773763416288
148,148.0,-0.9453181653345752
149,149.0,-0.9876320154497489
150,150.0,-1.0150082981931796
151,151.0,-1.0258762188244757
152,152.0,-1.0194129308671664
153,153.0,-0.9950100653313572
154,154.0,-0.952282626692415
155,155.0,-0.8910689928909689
156,156.0,-0.8114382839752704
157,157.0,-0.7147045836984334
158,158.0,-0.6022496130597124
159,159.0,-0.4750617320060137
160,160.0,-0.33441605753863074
161,161.0,-0.18187446371324134
162,162.0,-0.01928558163992211
163,163.0,0.1512356301408025
164,164.0,0.32792214418216575
165,165.0,0.509001309178888
166,166.0,0.6916076663297865
167,167.0,0.8717274607759484
168,168.0,1.04438125952625
169,169.0,1.2050711616833776
170,170.0,1.348039938841778
171,171.0,1.4689689575354696
172,172.0,1.5656068444348747
173,173.0,1.6359931758645514
174,174.0,1.6804605855587589
175,175.0,1.7008113602673667
176,176.0,1.6987147124810476
177,177.0,1.6760745879679244
178,178.0,1.6368674180623648
179,179.0,1.585015841995388
180,180.0,1.523220548656155
181,181.0,1.4529635913254868
182,182.0,1.3764559888806966
183,183.0,1.2963804791541194
184,184.0,1.2144363832569467
185,185.0,1.1321862304025645
186,186.0,1.051061513791086
187,187.0,0.972504055914559
188,188.0,0.896968883251233
189,189.0,0.8248175088079812
190,190.0,0.7567910432047756
191,191.0,0.6940101946746805
192,192.0,0.6376733955223228
193,193.0,0.5876956644617208
194,194.0,0.543882507779772
195,195.0,0.5062881165006561
196,196.0,0.4752013694037449
197,197.0,0.45109536895338653
198,198.0,0.4336961303849082
199,199.0,0.42252574426265244
200,200.0,0.4171882163271131
201,201.0,0.4172415072154458
202,202.0,0.4221975324614694
203,203.0,0.43118581022585856
204,204.0,0.4433778130509034
205,205.0,0.45820906524568117
206,206.0,0.47475710850843167
207,207.0,0.49173966157246557
208,208.0,0.507610736990357
209,209.0,0.5215462231489923
210,210.0,0.5330179786541104
211,211.0,0.5411570335917887
212,212.0,0.5447478865456864
213,213.0,0.5423013374461949
214,214.0,0.5331688264133391
215,215.0,0.5172522173723316
216,216.0,0.4941809788382038
217,217.0,0.4633063449479712
218,218.0,0.4238498989211165
219,219.0,0.37592397804121097
220,220.0,0.3197764510740313
221,221.0,0.2555969893035742
222,222.0,0.18355744866301743
223,223.0,0.10399958882418098
224,224.0,0.01773574961687352
225,225.0,-0.07475667748332476
226,226.0,-0.1725984298713225
227,227.0,-0.27444467071636985
228,228.0,-0.3786533839895776
229,229.0,-0.4840032883941301
230,230.0,-0.5888486875963703
231,231.0,-0.6910347035067432
232,232.0,-0.7879200999408847
233,233.0,-0.8766591239845755
234,234.0,-0.954633093910101
235,235.0,-1.019137599113564
236,236.0,-1.0676558759907393
237,237.0,-1.0978633549418333
238,238.0,-1.1076276603714938
239,239.0,-1.0953947521874552
240,240.0,-1.060910676732964
241,241.0,-1.0043500597885888
242,242.0,-0.9262741161884319
243,243.0,-0.8276317153268725
244,244.0,-0.7097593811585534
245,245.0,-0.574411773159996
246,246.0,-0.4233694141514077
247,247.0,-0.2577190269804117
248,248.0,-0.07900526742624825
249,249.0,0.11062508023663864
250,250.0,0.30843545685076035
251,251.0,0.5117365837184098
252,252.0,0.7177645913970698
253,253.0,0.9223349922420253
254,254.0,1.1197341301036245
255,255.0,1.3028535215612387
256,256.0,1.4660288354350228
257,257.0,1.6039098491604293
258,258.0,1.7131640666101267
259,259.0,1.7927460303623173
260,260.0,1.8429105734414681
261,261.0,1.8666453916065477
262,262.0,1.866144170214242
263,263.0,1.8440952492303648
264,264.0,1.8052907886397511
265,265.0,1.7533604184234277
266,266.0,1.6905959625293483
267,267.0,1.619558435791926
268,268.0,1.5428702301158617
269,269.0,1.4625270556029475
270,270.0,1.380423248435959
271,271.0,1.2982854568623534
272,272.0,1.2169452120001503
273,273.0,1.1371819588970395
274,274.0,1.0599247065454356
275,275.0,0.9862520278824951
276,276.0,0.91732779878707
277,277.0,0.8535660836951228
278,278.0,0.7949157559298832
279,279.0,0.7414480821285994
280,280.0,0.6933611196199274
281,281.0,0.6509797164239151
282,282.0,0.6147555112520143
283,283.0,0.584702609436233
284,284.0,0.5601300090528338
285,285.0,0.5406378147599233
286,286.0,0.5257707526800195
287,287.0,0.5150165730982893
288,288.0,0.5078060504625463
289,289.0,0.5034516014101434
290,290.0,0.5009425663896612
291,291.0,0.4997644061937292
292,292.0,0.4992842307199525
293,293.0,0.49861949782764586
294,294.0,0.49663801333783447
295,295.0,0.4921582457114886
296,296.0,0.484545120848654
297,297.0,0.4731971220520481
298,298.0,0.4574725689983048
299,299.0,0.43669213280484087
300,300.0,0.410140484217927
301,301.0,0.37735439533454657
302,302.0,0.33842848886106497
303,303.0,0.293483340920184
304,304.0,0.24259175740356437
305,305.0,0.18577877397183684
306,306.0,0.12317902538696504
307,307.0,0.05540129073524369
308,308.0,-0.017169858817228628
309,309.0,-0.09386346513048788
310,310.0,-0.17366989822736656
311,311.0,-0.255425993471119
312,312.0,-0.33824271489086905
313,313.0,-0.4209815863973905
314,314.0,-0.5021855651882896
315,315.0,-0.5800653030538709
316,316.0,-0.6528264158310733
317,317.0,-0.7191347285007369
318,318.0,-0.7774544711000948
319,319.0,-0.8259745369595752
320,320.0,-0.8626084827027878
321,321.0,-0.8855986009396017
322,322.0,-0.8943905987511565
323,323.0,-0.8881025339226486
324,324.0,-0.866355407502996
325,325.0,-0.8293091138559956
326,326.0,-0.7776629281299804
327,327.0,-0.7125913101191452
328,328.0,-0.6351399984504147
329,329.0,-0.546523689546976
330,330.0,-0.44831601439167834
331,331.0,-0.3424495385270715
332,332.0,-0.23112392694849948
333,333.0,-0.1157610525049643
334,334.0,0.0024693935029548864
335,335.0,0.12205601961770907
336,336.0,0.24116428361722594
337,337.0,0.3580577440806786
338,338.0,0.4714326194968681
339,339.0,0.5798052082665034
340,340.0,0.6815184688826404
341,341.0,0.7751844789792222
342,342.0,0.8594501327475361
343,343.0,0.9322753247687928
344,344.0,0.9924455415573423
345,345.0,1.0396127432053497
346,346.0,1.0742953633827683
347,347.0,1.0971315097343748
348,348.0,1.1079755916558984
349,349.0,1.1075699716796572
350,350.0,1.0971790782575048
351,351.0,1.078581588485516
352,352.0,1.0540609002157622
353,353.0,1.0256280999790326
354,354.0,0.9943343900885259
355,355.0,0.9613545832400444
356,356.0,0.9281100113233307
357,357.0,0.8962685254220578
358,358.0,0.8677444958138322
359,359.0,0.8441615341766208
360,360.0,0.8253854259280489
361,361.0,0.8113725374250476
362,362.0,0.802284109072755
363,363.0,0.7984693740047745
364,364.0,0.8004655580831733
365,365.0,0.808568838572698
366,366.0,0.8216741545891838
367,367.0,0.8391900119833237
368,368.0,0.860457872915649
369,369.0,0.8846748921512686
370,370.0,0.9108939170598769
371,371.0,0.937946531622943
372,372.0,0.9649987710537125
373,373.0,0.9913514581757944
374,374.0,1.0160035690757687
375,375.0,1.037651380485182
376,376.0,1.0549077863547696
377,377.0,1.067223116852446
378,378.0,1.0741355266107018
379,379.0,1.0750075931719387
380,380.0,1.0690306270449865
381,381.0,1.0553107478778878
382,382.0,1.0336533539640567
383,383.0,1.0042112671793766
384,384.0,0.9670351478469613
385,385.0,0.9220713683971054
386,386.0,0.8691629143846102
387,387.0,0.8086296322365696
388,388.0,0.7414603087762783
389,389.0,0.6685328546395437
390,390.0,0.5907383874941262
391,391.0,0.5089812320397165
392,392.0,0.4241876271479736
393,393.0,0.3377424640201532
394,394.0,0.2509119839457021
395,395.0,0.16502429050555406
396,396.0,0.08177483644897032
397,397.0,0.00291539074814931
398,398.0,-0.07023093269657485
399,399.0,-0.13621382937800164
400,400.0,-0.1936020613309169
401,401.0,-0.24099196657345595
402,402.0,-0.2772749510283714
403,403.0,-0.3016565715326274
404,404.0,-0.3134229504410073
405,405.0,-0.31194252871921746
406,406.0,-0.2970812345624715
407,407.0,-0.26919188980142184
408,408.0,-0.22886840438169137
409,409.0,-0.1770059373298349
410,410.0,-0.11487264202083905
411,411.0,-0.04398005656285957
412,412.0,0.03414179391391431
413,413.0,0.11756299641780585
414,414.0,0.20395115533700414
415,415.0,0.29109222830488135
416,416.0,0.37711880490824273
417,417.0,0.4599648425215225
418,418.0,0.5373365215690684
419,419.0,0.6072315655119654
420,420.0,0.6685263091208017
421,421.0,0.7200984560848119
422,422.0,0.7607040883900996
423,423.0,0.7891070949596646
424,424.0,0.8052928584526807
425,425.0,0.8097504061498727
426,426.0,0.8029260130328602
427,427.0,0.7852517360484231
428,428.0,0.7571654006015295
429,429.0,0.7197252473690104
430,430.0,0.6744171108999217
431,431.0,0.6226727691990803
432,432.0,0.5659190683967079
433,433.0,0.5055779227484185
434,434.0,0.44313564655695076
435,435.0,0.3802793788342518
436,436.0,0.3181599488454123
437,437.0,0.25809537663664306
438,438.0,0.201684999730796
439,439.0,0.15039455906149726
440,440.0,0.10502261247218224
441,441.0,0.06638869419495139
442,442.0,0.03539384943542026
443,443.0,0.012899654161126648
444,444.0,-0.0007975163336488254
445,445.0,-0.005482602878039172
446,446.0,-0.0010923341851545353
447,447.0,0.012132475776054228
448,448.0,0.03388069595473635
449,449.0,0.06372079761398347
450,450.0,0.10089568065030692
451,451.0,0.14456024287083757
452,452.0,0.19392547736275528
453,453.0,0.24784663119584505
454,454.0,0.3048265913004069
455,455.0,0.36355084490695155
456,456.0,0.4229533979746192
457,457.0,0.48176531230143643
458,458.0,0.5385741650066791
459,459.0,0.5918094932521006
460,460.0,0.6403270544623089
461,461.0,0.683636801325857
462,462.0,0.7209987974479797
463,463.0,0.7513686997480998
464,464.0,0.7734351338342261
465,465.0,0.7869694104835697
466,466.0,0.7921829085898083
467,467.0,0.7890880321700267
468,468.0,0.7777816720456265
469,469.0,0.7584452058423262
470,470.0,0.7316047205498564
471,471.0,0.698040309551501
472,472.0,0.6584370505088044
473,473.0,0.6136168205491941
474,474.0,0.564538522662672
475,475.0,0.5122980857018189
476,476.0,0.45812960951579246
477,477.0,0.40339019946111154
478,478.0,0.349111230343945
479,479.0,0.2963798885808798
480,480.0,0.24652641889559887
481,481.0,0.20099769529438882
482,482.0,0.16072060868179433
483,483.0,0.12652305231797
484,484.0,0.09932073210990497
485,485.0,0.08008198850195974
486,486.0,0.06926905850338105
487,487.0,0.06700186164847714
488,488.0,0.07333825597560845
489,489.0,0.0882406805518425
490,490.0,0.11134375579378133
491,491.0,0.1419558568195092
492,492.0,0.17914400632426036
493,493.0,0.22166333602567556
494,494.0,0.26797327489090755
495,495.0,0.31666164952203046
496,496.0,0.36623066159332357
497,497.0,0.4149260851251225
498,498.0,0.4607335339864034
499,499.0,0.5016553461992586
500,500.0,0.5366188503335164
501,501.0,0.5645240434365566
502,502.0,0.5839854701637099
503,503.0,0.5933793158337829
504,504.0,0.5920200073380943
505,505.0,0.58004277546616
506,506.0,0.5574787466608816
507,507.0,0.5242749851732594
508,508.0,0.48045758086156354
509,509.0,0.4269743972798742
510,510.0,0.3648668131141875
511,511.0,0.2952915186851311
512,512.0,0.21956518515921114
513,513.0,0.13917944373220997
514,514.0,0.05570868948271129
515,515.0,-0.02916797859404982
516,516.0,-0.11342600523362856
517,517.0,-0.19473021386373626
518,518.0,-0.27119884249188747
519,519.0,-0.34126840676091463
520,520.0,-0.403020042500323
521,521.0,-0.45419487026633065
522,522.0,-0.4930869501184421
523,523.0,-0.5185803150750298
524,524.0,-0.529544483550378
525,525.0,-0.5248583840978398
526,526.0,-0.5040229392589272
527,527.0,-0.46714801071019496
528,528.0,-0.4146227855963978
529,529.0,-0.3472680988883847
530,530.0,-0.26640070057833104
531,531.0,-0.17365053976631206
532,532.0,-0.07045244979167267
533,533.0,0.0412550086559445
534,534.0,0.15897028676058605
535,535.0,0.27971461358322103
536,536.0,0.40114179952454465
537,537.0,0.5211033503450067
538,538.0,0.6370845104450045
539,539.0,0.7462351869833389
540,540.0,0.8457305672982187
541,541.0,0.9338227794820352
542,542.0,1.008974543260799
543,543.0,1.0698134925383704
544,544.0,1.11513896016652
545,545.0,1.1439728545117975
546,546.0,1.1565199390668335
547,547.0,1.1538573086637727
548,548.0,1.1370505390354597
549,549.0,1.1071321868580624
550,550.0,1.0651017897510746
551,551.0,1.012243925762549
552,552.0,0.9508699225016939
553,553.0,0.8823200416846282
554,554.0,0.8080988385313
555,555.0,0.7300257410466193
556,556.0,0.6502350500204346
557,557.0,0.5710674060594326
558,558.0,0.4937293981447865
559,559.0,0.4192001640721058
560,560.0,0.34885052063092387
561,561.0,0.2843637330401127
562,562.0,0.22759150273052198
563,563.0,0.17937816728966738
564,564.0,0.14033501801631007
565,565.0,0.11120585676171074
566,566.0,0.09282644925122041
567,567.0,0.08597358273848249
568,568.0,0.09072830915778454
569,569.0,0.10699310129395241
570,570.0,0.13458134074151168
571,571.0,0.17318705988457544
572,572.0,0.22192685014403976
573,573.0,0.27993597315038443
574,574.0,0.34614764577628643
575,575.0,0.4190787570587043
576,576.0,0.4968258021341048
577,577.0,0.5772945115521169
578,578.0,0.6589683006797543
579,579.0,0.7401665122550046
580,580.0,0.8188479431350351
581,581.0,0.8926108442962147
582,582.0,0.9588199722209682
583,583.0,1.0161941831922057
584,584.0,1.0642450576055515
585,585.0,1.102087108815386
586,586.0,1.1284154382278229
587,587.0,1.1415057353006932
588,588.0,1.14041046059568
589,589.0,1.1262990466970328
590,590.0,1.0999741036532449
591,591.0,1.0619123064269547
592,592.0,1.0122647669743416
593,593.0,0.9514677223685327
594,594.0,0.8813693005843233
595,595.0,0.8031280270493182
596,596.0,0.7182374481965796
597,597.0,0.628600024694445
598,598.0,0.5364706197956337
599,599.0,0.4435249175473053
600,600.0,0.35125730338152583
601,601.0,0.26159568944996536
602,602.0,0.1768680193050128
603,603.0,0.09922137505094296
604,604.0,0.030100566703253284
605,605.0,-0.028939598427889845
606,606.0,-0.07619085736580522
607,607.0,-0.11010000102849685
608,608.0,-0.1300321938532417
609,609.0,-0.1354921066658707
610,610.0,-0.12614487698496912
611,611.0,-0.10198944889382286
612,612.0,-0.06371829065050119
613,613.0,-0.012383811959078256
614,614.0,0.050592742858250925
615,615.0,0.12319873915172821
616,616.0,0.2036461402657015
617,617.0,0.28996385081464937
618,618.0,0.3796652606585357
619,619.0,0.4697529230362475
620,620.0,0.5574282178062276
621,621.0,0.6407503213765554
622,622.0,0.7176819165653386
623,623.0,0.786017965734814
624,624.0,0.84340353098953
625,625.0,0.888305912145791
626,626.0,0.9204550104599063
627,627.0,0.9396263853712921
628,628.0,0.9455601696297937
629,629.0,0.9379610692956831
630,630.0,0.9172951054386397
631,631.0,0.8850970790582133
632,632.0,0.8425904873432033
633,633.0,0.7911957581710998
634,634.0,0.7325322592761085
635,635.0,0.6684281957167149
636,636.0,0.6006689956993613
637,637.0,0.530718649963223
638,638.0,0.46028847574953896
639,639.0,0.39139742027867697
640,640.0,0.3260323228283219
641,641.0,0.2653642712623736
642,642.0,0.21057574811235721
643,643.0,0.16297849684391166
644,644.0,0.1239511229839608
645,645.0,0.09404835361450167
646,646.0,0.0735105882901333
647,647.0,0.06254870662733626
648,648.0,0.06125931834263489
649,649.0,0.06938912751719983
650,650.0,0.08638315333742864
651,651.0,0.11150815111840015
652,652.0,0.14373443898860713
653,653.0,0.18173793913964448
654,654.0,0.2243215111824976
655,655.0,0.27038771722363875
656,656.0,0.3185270098820171
657,657.0,0.36700704438955767
658,658.0,0.4139502371781026
659,659.0,0.4582518793670843
660,660.0,0.49892280239453757
661,661.0,0.5348413384969446
662,662.0,0.5647631566157852
663,663.0,0.5874363590650961
664,664.0,0.6023517225206736
665,665.0,0.6092856100502896
666,666.0,0.6079217947499352
667,667.0,0.5978498195968509
668,668.0,0.5786775709033322
669,669.0,0.5508271326771566
670,670.0,0.514934025071629
671,671.0,0.4715222967531354
672,672.0,0.4210185472912854
673,673.0,0.363760075570304
674,674.0,0.30064849090349316
675,675.0,0.23255508984838613
676,676.0,0.1602981146547611
677,677.0,0.0850364924853187
678,678.0,0.008254322567943784
679,679.0,-0.06881647642427798
680,680.0,-0.14527435838966402
681,681.0,-0.2197513004080609
682,682.0,-0.2903585409543714
683,683.0,-0.3549587944192356
684,684.0,-0.41224595520746765
685,685.0,-0.4608151333216826
686,686.0,-0.4990212531268782
687,687.0,-0.5250324223590916
688,688.0,-0.5375706070690925
689,689.0,-0.5359199150131141
690,690.0,-0.5194283503718543
691,691.0,-0.48750551189709024
692,692.0,-0.43977455574556235
693,693.0,-0.3769452876163146
694,694.0,-0.2999263628668226
695,695.0,-0.2099104132286541
696,696.0,-0.10843974344863028
697,697.0,0.002532835970120738
698,698.0,0.12063702241418198
699,699.0,0.24403623332488938
700,700.0,0.37033479578440404
701,701.0,0.49639019389890204
702,702.0,0.6183615870176689
703,703.0,0.7332719862387842
704,704.0,0.8389888699508415
705,705.0,0.9330933760632771
706,706.0,1.0129582486714752
707,707.0,1.0758937636392598
708,708.0,1.1207799007716552
709,709.0,1.1475357252294804
710,710.0,1.1561758727791729
711,711.0,1.1468108690877514
712,712.0,1.1197121281213935
713,713.0,1.0763926258178018
714,714.0,1.0188299361302848
715,715.0,0.9490418952151762
716,716.0,0.8692178601833622
717,717.0,0.7817187091003605
718,718.0,0.6892837583702376
719,719.0,0.594508352408468
720,720.0,0.49963554424407736
721,721.0,0.4073459856307138
722,722.0,0.3206974583414014
723,723.0,0.2419367029054615
724,724.0,0.17289506882482836
725,725.0,0.11556607129765911
726,726.0,0.07187653388952209
727,727.0,0.04300219389023394
728,728.0,0.029908990908634206
729,729.0,0.03322493837106956
730,730.0,0.053163324629824475
731,731.0,0.0892911242460192
732,732.0,0.14073826596039324
733,733.0,0.20630534193707672
734,734.0,0.28443413335999057
735,735.0,0.37282561809641335
736,736.0,0.4694084652783499
737,737.0,0.5718551749437922
738,738.0,0.6773188685579852
739,739.0,0.7824332890133859
740,740.0,0.8834349350372743
741,741.0,0.9780266923702807
742,742.0,1.0649204025753567
743,743.0,1.1423948341939862
744,744.0,1.2082646343567254
745,745.0,1.259892274396364
746,746.0,1.2960468190033452
747,747.0,1.3175835779091374
748,748.0,1.324976030525417
749,749.0,1.318396838077829
750,750.0,1.297718440462674
751,751.0,1.2635588529637067
752,752.0,1.2178006904984453
753,753.0,1.161959692524637
754,754.0,1.0973675481068832
755,755.0,1.0251718959166747
756,756.0,0.9468354713901689
757,757.0,0.86408514975361
758,758.0,0.778022554083375
759,759.0,0.6901490480380059
760,760.0,0.6023850485335219
761,761.0,0.5167894081169864
762,762.0,0.43425159599682406
763,763.0,0.35573896722667664
764,764.0,0.28246018735890494
765,765.0,0.21581580664573724
766,766.0,0.15678888242720163
767,767.0,0.10586724179869994
768,768.0,0.06366949130646782
769,769.0,0.030943573542068614
770,770.0,0.008343392053777366
771,771.0,-0.004063320215023255
772,772.0,-0.006296971287475618
773,773.0,0.0014561880728447421
774,774.0,0.018758511363395614
775,775.0,0.04500908395778487
776,776.0,0.07952323219914788
777,777.0,0.12129568480699314
778,778.0,0.1692068155931107
779,779.0,0.22211325703228757
780,780.0,0.2785540043373207
781,781.0,0.3367503880285592
782,782.0,0.39481867068110926
783,783.0,0.45138700436651935
784,784.0,0.5050668022022862
785,785.0,0.55437560499826
786,786.0,0.5977392774011188
787,787.0,0.6334937398067849
788,788.0,0.6606229476686225
789,789.0,0.6786136299302282
790,790.0,0.6868644496514702
791,791.0,0.6846782867637421
792,792.0,0.6714167326955428
793,793.0,0.6473420489641085
794,794.0,0.6129491976121846
795,795.0,0.568778290603099
796,796.0,0.5154324197667243
797,797.0,0.4536752139570059
798,798.0,0.3848066148226317
799,799.0,0.3098223243717706
800,800.0,0.2300302445167821
801,801.0,0.1471668241220757
802,802.0,0.06338285941381354
803,803.0,-0.019519143001482636
804,804.0,-0.10024936625693914
805,805.0,-0.1770251040120654
806,806.0,-0.24752648110910394
807,807.0,-0.30956231987308463
808,808.0,-0.3618134534037994
809,809.0,-0.4028774431761898
810,810.0,-0.43130707317594996
811,811.0,-0.44601182247568255
812,812.0,-0.4464679119317248
813,813.0,-0.43243157082656447
814,814.0,-0.4039685192668893
815,815.0,-0.36168374200460063
816,816.0,-0.30682146324457205
817,817.0,-0.2405190625495314
818,818.0,-0.16455151816192476
819,819.0,-0.08136941646626267
820,820.0,0.0060208083736739415
821,821.0,0.09536624344200936
822,822.0,0.18468724161340913
823,823.0,0.2715500425923977
824,824.0,0.3530728032172442
825,825.0,0.42631190088624055
826,826.0,0.4897473611116049
827,827.0,0.542117871194897
828,828.0,0.582124591220247
829,829.0,0.6084953535862145
830,830.0,0.6208976849902255
831,831.0,0.6197846842700373
832,832.0,0.6056551581712375
833,833.0,0.579036535658915
834,834.0,0.5408910317943616
835,835.0,0.4929508711318632
836,836.0,0.43661553345555915
837,837.0,0.3737263867997993
838,838.0,0.3065972045240763
839,839.0,0.237700764987627
840,840.0,0.16878153286358272
841,841.0,0.10189154914265261
842,842.0,0.0392016966013779
843,843.0,-0.017062333985963622
844,844.0,-0.06516749985976264
845,845.0,-0.10371286312150681
846,846.0,-0.1311697323591043
847,847.0,-0.14597074911171698
848,848.0,-0.14737660881469822
849,849.0,-0.13501303240803253
850,850.0,-0.10861792085341647
851,851.0,-0.06812372318089455
852,852.0,-0.014158626147809023
853,853.0,0.05220782232492879
854,854.0,0.12975781570893874
855,855.0,0.21704982392616848
856,856.0,0.31216629523351025
857,857.0,0.4130210105009697
858,858.0,0.5173085672212077
859,859.0,0.6224223929686771
860,860.0,0.7256476244621853
861,861.0,0.825222558436453
862,862.0,0.9191559748544238
863,863.0,1.0050653165118741
864,864.0,1.0801823664183046
865,865.0,1.142552680937014
866,866.0,1.1919000833171163
867,867.0,1.2278924361154833
868,868.0,1.2500903034125108
869,869.0,1.2579469508120784
870,870.0,1.2511023062513253
871,871.0,1.2306730774590111
872,872.0,1.1980132245466124
873,873.0,1.1542178346214498
874,874.0,1.10012837900499
875,875.0,1.0363563719369218
876,876.0,0.9644875631759751
877,877.0,0.8861176373636092
878,878.0,0.8025232244401123
879,879.0,0.7151471488677128
880,880.0,0.6255984296304977
881,881.0,0.5356487113628363
882,882.0,0.4468559692216868
883,883.0,0.36032748904488165
884,884.0,0.2774422476711675
885,885.0,0.19993253144560924
886,886.0,0.12978842835934698
887,887.0,0.06817193786757549
888,888.0,0.01610896308956955
889,889.0,-0.02510917806100496
890,890.0,-0.05420033477101992
891,891.0,-0.07053839994105539
892,892.0,-0.073602167245652
893,893.0,-0.06297679044009392
894,894.0,-0.03864719096615396
895,895.0,-0.000947704364924945
896,896.0,0.04951735669105342
897,897.0,0.11172793939337905
898,898.0,0.1844079162126798
899,899.0,0.2662349613829116
900,900.0,0.3553912067603325
901,901.0,0.4495349944082908
902,902.0,0.5458272043871114
903,903.0,0.6420208489751114
904,904.0,0.7360298392359534
905,905.0,0.8253958583973805
906,906.0,0.9072881815213656
907,907.0,0.9789842850525323
908,908.0,1.0392221692524117
909,909.0,1.0869813519924962
910,910.0,1.1211087918110416
911,911.0,1.1403188899321344
912,912.0,1.1435583204695225
913,913.0,1.131544098214453
914,914.0,1.1053335096459214
915,915.0,1.0657536604188593
916,916.0,1.0134058897561062
917,917.0,0.9489213235640515
918,918.0,0.8744504227163568
919,919.0,0.791478616405799
920,920.0,0.7016704078080405
921,921.0,0.6071356184528423
922,922.0,0.5104287298571927
923,923.0,0.4139341450249493
924,924.0,0.31929073379299167
925,925.0,0.2284299129232349
926,926.0,0.14360105803587447
927,927.0,0.06714864463250425
928,928.0,0.000549822332776409
929,929.0,-0.054713150948797085
930,930.0,-0.0971563028898965
931,931.0,-0.125669149104132
932,932.0,-0.13972591340622897
933,933.0,-0.13899013104060598
934,934.0,-0.12333796475453283
935,935.0,-0.09319470632350901
936,936.0,-0.04947380799230838
937,937.0,0.0066455541160452825
938,938.0,0.07366569682770434
939,939.0,0.14970429993724557
940,940.0,0.23304257448782922
941,941.0,0.3214811577968143
942,942.0,0.4122490131204849
943,943.0,0.5023786853397154
944,944.0,0.589887965353735
945,945.0,0.6728141452320834
946,946.0,0.7490134373219262
947,947.0,0.8161806480486262
948,948.0,0.8727434007645783
949,949.0,0.917863444437119
