,age_kyrBP,Y
0,0.0,0.0
1,1.0,-0.00010125754643634639
2,2.0,-0.0007782041652081369
3,3.0,-0.0025227246514160293
4,4.0,-0.005742821652940477
5,5.0,-0.010788897493892384
6,6.0,-0.01796298549307783
7,7.0,-0.027528738990411597
8,8.0,-0.0397288771935076
9,9.0,-0.05478518517767893
10,10.0,-0.07288820759644524
11,11.0,-0.09418236649237141
12,12.0,-0.11877184743810285
13,13.0,-0.14664772152419314
14,14.0,-0.17768331071553756
15,15.0,-0.2116341878513721
16,16.0,-0.24813817664527457
17,17.0,-0.2866456352992871
18,18.0,-0.32626670980978845
19,19.0,-0.36589792874990335
20,20.0,-0.40414770440084236
21,21.0,-0.43933303087126346
22,22.0,-0.46951813994792846
23,23.0,-0.49270233369581556
24,24.0,-0.5069861367683839
25,25.0,-0.5106351313157779
26,26.0,-0.5020806478015556
27,27.0,-0.48017894238265196
28,28.0,-0.445069906694577
29,29.0,-0.3975444587743546
30,30.0,-0.33883331497736346
31,31.0,-0.2706073830847674
32,32.0,-0.1950109659958153
33,33.0,-0.11468670136076276
34,34.0,-0.03193625941017644
35,35.0,0.05122690372453936
36,36.0,0.1330264942651313
37,37.0,0.21192338078649398
38,38.0,0.286616319034916
39,39.0,0.3562322788226601
40,40.0,0.4202849683474035
41,41.0,0.4782909887670158
42,42.0,0.5297821494679816
43,43.0,0.5743139478937456
44,44.0,0.6116209314558733
45,45.0,0.6416372624697081
46,46.0,0.6643932600800886
47,47.0,0.6800125876009733
48,48.0,0.6888133557092945
49,49.0,0.6915741287352143
50,50.0,0.6891965643543816
51,51.0,0.6826342135111058
52,52.0,0.6728927243827817
53,53.0,0.6609989383912916
54,54.0,0.6479252380621604
55,55.0,0.6345282277354855
56,56.0,0.6215376533751215
57,57.0,0.6095564025686808
58,58.0,0.5991166330876728
59,59.0,0.5906983792902522
60,60.0,0.5845313400149412
61,61.0,0.5808939835219847
62,62.0,0.5801331005690545
63,63.0,0.5826309575705088
64,64.0,0.5884395404842575
65,65.0,0.5974406339643543
66,66.0,0.609521749823356
67,67.0,0.6245681340560558
68,68.0,0.6424116731610073
69,69.0,0.6624683498903398
70,70.0,0.6839964028715219
71,71.0,0.7062665593668704
72,72.0,0.7285587907357088
73,73.0,0.7500184362262486
74,74.0,0.769575617802977
75,75.0,0.7862882005270958
76,76.0,0.7992249926163728
77,77.0,0.8074665696503789
78,78.0,0.8102766856861862
79,79.0,0.807260127116073
80,80.0,0.7982684779171605
81,81.0,0.7834016971016317
82,82.0,0.7630081187167309
83,83.0,0.7376863577373759
84,84.0,0.7083995362296737
85,85.0,0.6763113848566569
86,86.0,0.6425054972124501
87,87.0,0.6079861779933458
88,88.0,0.5736784429978053
89,89.0,0.5404200227786312
90,90.0,0.5086991720924714
91,91.0,0.4787047201063916
92,92.0,0.45052986905762493
93,93.0,0.4241536865889822
94,94.0,0.39944110574884883
95,95.0,0.3761487606303621
96,96.0,0.35401962756557653
97,97.0,0.3327874571262833
98,98.0,0.31220845003795733
99,99.0,0.2920758605887075
100,100.0,0.27221999662927676
101,101.0,0.2525095681293514
102,102.0,0.232892322262361
103,103.0,0.21326397425416388
104,104.0,0.19354597617158834
105,105.0,0.1737404622498334
106,106.0,0.15393024889246826
107,107.0,0.1342788346714339
108,108.0,0.1149025107333414
109,109.0,0.09576376233752731
110,110.0,0.07688094829059161
111,111.0,0.0582741724105299
112,112.0,0.039965091546256756
113,113.0,0.02197626537400159
114,114.0,0.004232838899337545
115,115.0,-0.013463632718551992
116,116.0,-0.03131804250421853
117,117.0,-0.04955186077126303
118,118.0,-0.06840313512233791
119,119.0,-0.08814813037091604
120,120.0,-0.10910925933848065
121,121.0,-0.13158100178981666
122,122.0,-0.1558297338898164
123,123.0,-0.18209376853487297
124,124.0,-0.21059051832826037
125,125.0,-0.24150881469969648
126,126.0,-0.2749967014486445
127,127.0,-0.31119086352051334
128,128.0,-0.350213410345475
129,129.0,-0.3921673119619806
130,130.0,-0.4371406806234323
131,131.0,-0.4852025950012884
132,132.0,-0.5363905500661857
133,133.0,-0.5906453955336667
134,134.0,-0.6477439517494354
135,135.0,-0.707277351291489
136,136.0,-0.7685161381366489
137,137.0,-0.8302796766992588
138,138.0,-0.8908466048806939
139,139.0,-0.9478685515008817
140,140.0,-0.998192079681993
141,141.0,-1.0381166555951784
142,142.0,-1.0634296953564633
143,143.0,-1.0694055857629203
144,144.0,-1.0508572007891719
145,145.0,-1.0037859811134342
146,146.0,-0.9266552646367495
147,147.0,-0.8194034122662572
148,148.0,-0.6833791135162679
149,149.0,-0.5213413865082673
150,150.0,-0.33790735738491756
151,151.0,-0.1404475750856764
152,152.0,0.06551544344309213
153,153.0,0.27566221827108117
154,154.0,0.4866759979980997
155,155.0,0.6962427597540778
156,156.0,0.903043833711579
157,157.0,1.1069753291833588
158,158.0,1.311765897682482
159,159.0,1.5199366923700381
160,160.0,1.7310001012319107
161,161.0,1.9414597470787798
162,162.0,2.1448104875461045
163,163.0,2.33164940383772
164,164.0,2.4879129577436823
165,165.0,2.5932702440287954
166,166.0,2.6308158287132413
167,167.0,2.588388391291124
168,168.0,2.4592147045486246
169,169.0,2.2545736579703046
170,170.0,1.9993148687378874
171,171.0,1.7219848739970942
172,172.0,1.4550750766413103
173,173.0,1.222509375333803
174,174.0,1.0302447579381147
175,175.0,0.8795259673167365
176,176.0,0.7658536491319078
177,177.0,0.6809590766450476
178,178.0,0.6170222381788674
179,179.0,0.5663119912515073
180,180.0,0.5245450323792568
181,181.0,0.49095410014731233
182,182.0,0.4634093512668689
183,183.0,0.4383385675196353
184,184.0,0.41461966116264387
185,185.0,0.39170520882994586
186,186.0,0.36961616745656667
187,187.0,0.348236086989432
188,188.0,0.32725638751878494
189,189.0,0.3066331139885321
190,190.0,0.2864056837312299
191,191.0,0.26669688646808254
192,192.0,0.24764750470914984
193,193.0,0.2291669079112116
194,194.0,0.21115146790656147
195,195.0,0.1934974449686542
196,196.0,0.17609648542056877
197,197.0,0.15882886948255498
198,198.0,0.14143832967770656
199,199.0,0.12363444933353421
200,200.0,0.10516627395720002
201,201.0,0.0858078540168043
202,202.0,0.06535824494139
203,203.0,0.043673985776623674
204,204.0,0.020668605487798843
205,205.0,-0.003698449617061325
206,206.0,-0.029375538315284222
207,207.0,-0.056218677750801485
208,208.0,-0.08400299983295849
209,209.0,-0.11262425518150428
210,210.0,-0.1421118997383352
211,211.0,-0.17248035562400338
212,212.0,-0.20372395908929103
213,213.0,-0.23585435177386913
214,214.0,-0.26928480021680856
215,215.0,-0.30456096315511627
216,216.0,-0.3422233793142979
217,217.0,-0.3828287880940203
218,218.0,-0.42696110978818275
219,219.0,-0.4752825198438164
220,220.0,-0.5282996666749227
221,221.0,-0.5862471899621226
222,222.0,-0.6490878027734812
223,223.0,-0.7163791118117311
224,224.0,-0.7869749807912092
225,225.0,-0.8591899503568847
226,226.0,-0.9300981277256184
227,227.0,-0.9954848359945336
228,228.0,-1.0500366879973002
229,229.0,-1.0875969380535582
230,230.0,-1.1013353148380862
231,231.0,-1.0850645401233867
232,232.0,-1.0333080814812836
233,233.0,-0.9415640795497788
234,234.0,-0.8108633688351564
235,235.0,-0.6459975494561885
236,236.0,-0.4527266173258515
237,237.0,-0.23776295952764126
238,238.0,-0.008771354315558089
239,239.0,0.2250299247078207
240,240.0,0.4581431525093143
241,241.0,0.6891750402888985
242,242.0,0.9175800725263469
243,243.0,1.1436506233555084
244,244.0,1.3685169565643316
245,245.0,1.5940090226380803
246,246.0,1.822000966044481
247,247.0,2.052672960776306
248,248.0,2.280118733531515
249,249.0,2.491896975612772
250,250.0,2.6692437744726614
251,251.0,2.788456334209221
252,252.0,2.822995260750445
253,253.0,2.7571441493331887
254,254.0,2.588177952644491
255,255.0,2.326937791958445
256,256.0,2.0103512794697043
257,257.0,1.6816231097287284
258,258.0,1.3779091995804829
259,259.0,1.1285682854757473
260,260.0,0.9361619633587347
261,261.0,0.7957424134483115
262,262.0,0.6967368210499486
263,263.0,0.6265610810778544
264,264.0,0.5760618131205397
265,265.0,0.5380102231034175
266,266.0,0.508636508269322
267,267.0,0.4846769543646855
268,268.0,0.46324247854034595
269,269.0,0.4430455392884969
270,270.0,0.423529695118749
271,271.0,0.40427440925060104
272,272.0,0.3849418956469694
273,273.0,0.36539134960730507
274,274.0,0.3456077331113956
275,275.0,0.32570177481936985
276,276.0,0.3058669760421219
277,277.0,0.2860676205393624
278,278.0,0.2662929319356203
279,279.0,0.24655022981220842
280,280.0,0.2268404652008062
281,281.0,0.2071582205834539
282,282.0,0.18749170989255778
283,283.0,0.16776526052228827
284,284.0,0.1478116119244482
285,285.0,0.1274964575066
286,286.0,0.10669220318909947
287,287.0,0.08527781397900885
288,288.0,0.06313881397009499
289,289.0,0.04017375852287466
290,290.0,0.01632076420459591
291,291.0,-0.00851984662796567
292,292.0,-0.03442354610064083
293,293.0,-0.06142823477766071
294,294.0,-0.08953424166165996
295,295.0,-0.11877136723232715
296,296.0,-0.14933516644158157
297,297.0,-0.18142741264098186
298,298.0,-0.21527673810455994
299,299.0,-0.25113989753341887
300,300.0,-0.2893034252374702
301,301.0,-0.3301323981157624
302,302.0,-0.37398976158445496
303,303.0,-0.42112651494322817
304,304.0,-0.471680384169012
305,305.0,-0.525675821915974
306,306.0,-0.5829438738444627
307,307.0,-0.6429120731663579
308,308.0,-0.7047518456818012
309,309.0,-0.7670018882265841
310,310.0,-0.8275388225467594
311,311.0,-0.8836882957646219
312,312.0,-0.9323123990304139
313,313.0,-0.9698518343266773
314,314.0,-0.9925290728460606
315,315.0,-0.9963448052230197
316,316.0,-0.9779632308497963
317,317.0,-0.935983705233414
318,318.0,-0.8700738007755804
319,319.0,-0.7808670249051683
320,320.0,-0.6699628200782358
321,321.0,-0.5405657437256562
322,322.0,-0.39809609625066966
323,323.0,-0.24708579852920448
324,324.0,-0.09150245117324052
325,325.0,0.06521704713606824
326,326.0,0.2201670786788073
327,327.0,0.37154060320201077
328,328.0,0.5193418476332796
329,329.0,0.6637422958405834
330,330.0,0.8047950254517652
331,331.0,0.9424347078544795
332,332.0,1.0764208934263335
333,333.0,1.205866611583239
334,334.0,1.3291080275156548
335,335.0,1.4433336393021081
336,336.0,1.5445342721517807
337,337.0,1.628232373385809
338,338.0,1.6901221085852594
339,339.0,1.7267051804651012
340,340.0,1.7357615229525418
341,341.0,1.7167443913432803
342,342.0,1.6720990371161009
343,343.0,1.6056678551115406
344,344.0,1.5223384420748698
345,345.0,1.4280539211198053
346,346.0,1.329812941728548
347,347.0,1.2336752806447626
348,348.0,1.1419251738405807
349,349.0,1.0568957260033789
350,350.0,0.9799393953009596
351,351.0,0.9114074428469469
352,352.0,0.8507075852438125
353,353.0,0.7972842370159843
354,354.0,0.750156325179715
355,355.0,0.7082863460685017
356,356.0,0.6708200682663096
357,357.0,0.6370865326075573
358,358.0,0.6065980521771213
359,359.0,0.5788730542937556
360,360.0,0.5530699975001847
361,361.0,0.5285713094931033
362,362.0,0.5049192754763817
363,363.0,0.4818089334848122
364,364.0,0.4590880743841109
365,365.0,0.43666343053328044
366,366.0,0.41428449464247896
367,367.0,0.3919659099132604
368,368.0,0.36982061991280213
369,369.0,0.3480415636635167
370,370.0,0.3269016756430455
371,371.0,0.3067693628388195
372,372.0,0.2879261945321433
373,373.0,0.27055455100183
374,374.0,0.2548357649009193
375,375.0,0.24095032699247101
376,376.0,0.22899234960932513
377,377.0,0.21864830737823945
378,378.0,0.20952440783890613
379,379.0,0.2012384918424736
380,380.0,0.19341803436794092
381,381.0,0.185669893034776
382,382.0,0.17744489977327335
383,383.0,0.16824954516275795
384,384.0,0.15768261359935826
385,385.0,0.14542971565696045
386,386.0,0.13126327870944035
387,387.0,0.11503426324522474
388,388.0,0.0966931542833918
389,389.0,0.07635152574536574
390,390.0,0.054288716864035386
391,391.0,0.030951832183747724
392,392.0,0.006957131099949712
393,393.0,-0.01683941994206731
394,394.0,-0.03943334957531361
395,395.0,-0.059646059314089256
396,396.0,-0.07607665497113109
397,397.0,-0.08726276558259992
398,398.0,-0.09193988112975147
399,399.0,-0.08900907055353871
400,400.0,-0.07771872403834304
401,401.0,-0.05767231492236657
402,402.0,-0.029084714138166046
403,403.0,0.007261940402384176
404,404.0,0.05027836927169392
405,405.0,0.09857385699739957
406,406.0,0.15040859995737438
407,407.0,0.2039294312940686
408,408.0,0.2573967953362401
409,409.0,0.30918503965472627
410,410.0,0.35777710424514303
411,411.0,0.40189412388016665
412,412.0,0.44052362615001694
413,413.0,0.47278371997545854
414,414.0,0.49792681695744295
415,415.0,0.5155613744198845
416,416.0,0.5256911874152059
417,417.0,0.5285832753070284
418,418.0,0.5247756914992605
419,419.0,0.5151480403755084
420,420.0,0.5008566959121696
421,421.0,0.4830607028402575
422,422.0,0.4628940019698246
423,423.0,0.4414396295121101
424,424.0,0.4194671254730146
425,425.0,0.3975018128230612
426,426.0,0.3759081839163104
427,427.0,0.3548839441879659
428,428.0,0.33446574855522593
429,429.0,0.31467653689603414
430,430.0,0.29554393246047933
431,431.0,0.2771600404849581
432,432.0,0.2597165794317584
433,433.0,0.243504880989054
434,434.0,0.22892366349630297
435,435.0,0.21644407319057052
436,436.0,0.2064856977045683
437,437.0,0.19956222333442267
438,438.0,0.1962998787979619
439,439.0,0.19722426229959722
440,440.0,0.20252727444306834
441,441.0,0.2123129411861166
442,442.0,0.226587227409141
443,443.0,0.24520901535952538
444,444.0,0.2676701672149473
445,445.0,0.2933341917660962
446,446.0,0.32144864918722615
447,447.0,0.3511457271694622
448,448.0,0.38150355725822155
449,449.0,0.4115717678999015
450,450.0,0.4403621123787571
451,451.0,0.4669822486934624
452,452.0,0.4906619631242549
453,453.0,0.5106675384688004
454,454.0,0.5263040570512
455,455.0,0.5371131232315242
456,456.0,0.5429071448822469
457,457.0,0.5436596774833738
458,458.0,0.539538222752333
459,459.0,0.5309001443771902
460,460.0,0.518330613308596
461,461.0,0.5025723667708802
462,462.0,0.48436028806455095
463,463.0,0.46441266940488946
464,464.0,0.4434296182936993
465,465.0,0.42199107182249507
466,466.0,0.4004852880847169
467,467.0,0.3791970338150734
468,468.0,0.3583098066693116
469,469.0,0.33790583522421835
470,470.0,0.318019426846477
471,471.0,0.29863221990320504
472,472.0,0.2797177509896338
473,473.0,0.2613255570620415
474,474.0,0.24358123134328885
475,475.0,0.22668642332282013
476,476.0,0.21091890568310723
477,477.0,0.19660295915998027
478,478.0,0.18401250721651177
479,479.0,0.17346009757925798
480,480.0,0.16532586615514727
481,481.0,0.159995449840308
482,482.0,0.15757294985873646
483,483.0,0.1580336986079114
484,484.0,0.16126082346675716
485,485.0,0.16703327780303093
486,486.0,0.17485098015963646
487,487.0,0.18401521553038935
488,488.0,0.1937819402151888
489,489.0,0.2033587264907404
490,490.0,0.2118943487465295
491,491.0,0.2185622421413358
492,492.0,0.2226709496207208
493,493.0,0.2236708889462933
494,494.0,0.22118840965466316
495,495.0,0.2151124875748351
496,496.0,0.20553555312392244
497,497.0,0.19273724340520143
498,498.0,0.17718440507523667
499,499.0,0.1594592160020135
500,500.0,0.14004529991263823
501,501.0,0.11937683336559979
502,502.0,0.09786025298462638
503,503.0,0.07585746601465518
504,504.0,0.053363702477007224
505,505.0,0.030195429306546145
506,506.0,0.0061827411116754105
507,507.0,-0.018858315960915015
508,508.0,-0.04510343839886488
509,509.0,-0.07261337497084973
510,510.0,-0.10127657548948614
511,511.0,-0.13066568390410976
512,512.0,-0.16002679314236248
513,513.0,-0.18826332378729763
514,514.0,-0.21392813572695363
515,515.0,-0.2353053441801019
516,516.0,-0.25034799714555606
517,517.0,-0.2567128920220892
518,518.0,-0.2523528745741093
519,519.0,-0.23573974629054514
520,520.0,-0.20572189963825244
521,521.0,-0.1615570856897754
522,522.0,-0.1036523946624038
523,523.0,-0.03350562659507339
524,524.0,0.047044012510012806
525,525.0,0.13582907458178822
526,526.0,0.23029756560477033
527,527.0,0.3279919100630687
528,528.0,0.4267370909122192
529,529.0,0.5245789663898704
530,530.0,0.6197304625453353
531,531.0,0.7105595400247613
532,532.0,0.7956355521856532
533,533.0,0.8731004947060526
534,534.0,0.9406224365645822
535,535.0,0.995461361140199
536,536.0,1.0352424768845438
537,537.0,1.058150659295861
538,538.0,1.0631616998256317
539,539.0,1.0501047184824452
540,540.0,1.020071328199398
541,541.0,0.9764884234298777
542,542.0,0.9232623877368216
543,543.0,0.8643760748641284
544,544.0,0.8038943143781117
545,545.0,0.7455946091278762
546,546.0,0.6911379295645346
547,547.0,0.6413913042172144
548,548.0,0.5967750011080462
549,549.0,0.557234350143003
550,550.0,0.522239743111904
551,551.0,0.49095754382816964
552,552.0,0.4629192886641958
553,553.0,0.43740504307205225
554,554.0,0.4140059979255666
555,555.0,0.39269705642692865
556,556.0,0.37383683410668445
557,557.0,0.35809173632948194
558,558.0,0.34562246544475195
559,559.0,0.33667522787025955
560,560.0,0.3316798214031713
561,561.0,0.33116711036633056
562,562.0,0.33570803593230114
563,563.0,0.3453878801127617
564,564.0,0.36004344070765804
565,565.0,0.379390339453933
566,566.0,0.40300573995535316
567,567.0,0.4302570377408638
568,568.0,0.46006416483082624
569,569.0,0.4912380066844283
570,570.0,0.522519121527705
571,571.0,0.5525703854395763
572,572.0,0.5799487800131841
573,573.0,0.6033080160185406
574,574.0,0.621451084957088
575,575.0,0.6333088947407245
576,576.0,0.6379427670376048
577,577.0,0.6348587797948659
578,578.0,0.6243852093484705
579,579.0,0.6072349671859957
580,580.0,0.5844464414540961
581,581.0,0.5573834969584971
582,582.0,0.5278237198295215
583,583.0,0.4975853243771353
584,584.0,0.46781218100228905
585,585.0,0.4394507411823125
586,586.0,0.41327496107817235
587,587.0,0.3898863015344838
588,588.0,0.3691508850949087
589,589.0,0.35013478745285886
590,590.0,0.3322135324344547
591,591.0,0.3148213599035827
592,592.0,0.29745098023512867
593,593.0,0.2797046032131567
594,594.0,0.26134742185776444
595,595.0,0.24224800392458723
596,596.0,0.22257316255688073
597,597.0,0.20279633719265633
598,598.0,0.18368284085439412
599,599.0,0.16603088089728202
600,600.0,0.15071904007928733
601,601.0,0.13885006900813784
602,602.0,0.13174118765165604
603,603.0,0.13059046526217402
604,604.0,0.1361444337962233
605,605.0,0.14890602953354332
606,606.0,0.1691015772913406
607,607.0,0.19655585316617002
608,608.0,0.23031756180700208
609,609.0,0.26913377934292826
610,610.0,0.3115622423421942
611,611.0,0.3559341671302199
612,612.0,0.4004028625075774
613,613.0,0.4432067757556426
614,614.0,0.48268518684577993
615,615.0,0.5172582425638859
616,616.0,0.5456943515307195
617,617.0,0.5670564557336647
618,618.0,0.5806326811953648
619,619.0,0.5859396539775417
620,620.0,0.5831102068669685
621,621.0,0.5730380169759997
622,622.0,0.5568521282448674
623,623.0,0.5359157095529514
624,624.0,0.5118228283128834
625,625.0,0.48612574831287486
626,626.0,0.4599230468734914
627,627.0,0.4340379888443599
628,628.0,0.4090449892607793
629,629.0,0.38526961334372223
630,630.0,0.36271430926252646
631,631.0,0.3410630869016891
632,632.0,0.3200711550486816
633,633.0,0.29960335238035896
634,634.0,0.2796340288690308
635,635.0,0.260254302366699
636,636.0,0.24164363762422172
637,637.0,0.2239871981371433
638,638.0,0.20766114202965513
639,639.0,0.19325530458640477
640,640.0,0.18140640079365672
641,641.0,0.1724133277750061
642,642.0,0.1665358748236419
643,643.0,0.16400883160442487
644,644.0,0.16501736164980804
645,645.0,0.16931759198105734
646,646.0,0.17640917012043522
647,647.0,0.18570059317468607
648,648.0,0.19648228167072015
649,649.0,0.20789782699826423
650,650.0,0.21902923381910375
651,651.0,0.22902312045492346
652,652.0,0.2370879511931785
653,653.0,0.2425125590258942
654,654.0,0.24480384758014953
655,655.0,0.2436775156375103
656,656.0,0.23902306366933096
657,657.0,0.23090399225824865
658,658.0,0.21957060345278187
659,659.0,0.20544761105710269
660,660.0,0.18899079346582154
661,661.0,0.1706896566256294
662,662.0,0.1510694048076661
663,663.0,0.13061039954639903
664,664.0,0.10951201468533524
665,665.0,0.08788086150129522
666,666.0,0.06574379337443913
667,667.0,0.04304657915125462
668,668.0,0.01964495638874457
669,669.0,-0.004709901280792336
670,670.0,-0.03021639200696334
671,671.0,-0.05698544267863681
672,672.0,-0.08504242109820834
673,673.0,-0.11432497426254205
674,674.0,-0.1445169924655244
675,675.0,-0.1751537745838601
676,676.0,-0.20550801324948825
677,677.0,-0.23446936503206317
678,678.0,-0.26055396268015485
679,679.0,-0.2821265695528936
680,680.0,-0.2975149915533205
681,681.0,-0.3048976656831634
682,682.0,-0.3023003239957611
683,683.0,-0.28781212277144685
684,684.0,-0.2605226280014796
685,685.0,-0.22008111252265383
686,686.0,-0.16668709776897073
687,687.0,-0.10111303034030118
688,688.0,-0.025043555338015333
689,689.0,0.0591472599347547
690,690.0,0.14910725347270873
691,691.0,0.2425508119698667
692,692.0,0.3372179663760472
693,693.0,0.43093995183643236
694,694.0,0.5219931975295522
695,695.0,0.6086774687381287
696,696.0,0.6892735599237085
697,697.0,0.7620143179845915
698,698.0,0.8248462522875709
699,699.0,0.8758252797068798
700,700.0,0.9131104897613183
701,701.0,0.9349209959869091
702,702.0,0.9395848791044609
703,703.0,0.927275007592672
704,704.0,0.9002224004396757
705,705.0,0.8612775773410408
706,706.0,0.8139415020959908
707,707.0,0.7623378929272246
708,708.0,0.7101607100096277
709,709.0,0.6597933145134823
710,710.0,0.6129190923691011
711,711.0,0.5705622233312194
712,712.0,0.5330631490727586
713,713.0,0.49975120985629196
714,714.0,0.46976101508696716
715,715.0,0.4425256401473919
716,716.0,0.4177419687855428
717,717.0,0.3953706931147969
718,718.0,0.3756333545886635
719,719.0,0.3588567117054828
720,720.0,0.3455566896307203
721,721.0,0.33656787866191273
722,722.0,0.33300571554909175
723,723.0,0.335621511261671
724,724.0,0.3448628777345662
725,725.0,0.36101070933685975
726,726.0,0.38406347554439607
727,727.0,0.4133704848535625
728,728.0,0.44788180680684697
729,729.0,0.48620835133796436
730,730.0,0.5266452614224699
731,731.0,0.5672011437224751
732,732.0,0.6058007079909742
733,733.0,0.6403991871074619
734,734.0,0.6689730635559866
735,735.0,0.6895104827200971
736,736.0,0.7007095229162572
737,737.0,0.7018724273195991
738,738.0,0.6928076188043482
739,739.0,0.6738296999438128
740,740.0,0.6461612707413064
741,741.0,0.6127117353602635
742,742.0,0.5759702646236344
743,743.0,0.5383867577130075
744,744.0,0.5024260947139163
745,745.0,0.4705550424027665
746,746.0,0.4435775690756695
747,747.0,0.4207004694078657
748,748.0,0.4013007672585615
749,749.0,0.3846093763306959
750,750.0,0.36971121247216976
751,751.0,0.35568988993953066
752,752.0,0.3417226089821435
753,753.0,0.32715909997873754
754,754.0,0.3116337776436336
755,755.0,0.2950657410267511
756,756.0,0.2775608027697744
757,757.0,0.25907511842714837
758,758.0,0.2397292385873587
759,759.0,0.21989817550989615
760,760.0,0.20021045407765917
761,761.0,0.18145444298213537
762,762.0,0.16412601326244244
763,763.0,0.14878319844593924
764,764.0,0.1360775947060539
765,765.0,0.12673412226873332
766,766.0,0.12123100296494287
767,767.0,0.1197300454455812
768,768.0,0.12226715837855288
769,769.0,0.1287297556706914
770,770.0,0.13877663093488785
771,771.0,0.15169235820386523
772,772.0,0.16665283454073546
773,773.0,0.18272334524138528
774,774.0,0.19888601619323248
775,775.0,0.2141205473208797
776,776.0,0.2274695422731827
777,777.0,0.2380449518184733
778,778.0,0.24514727550132887
779,779.0,0.2483107826545174
780,780.0,0.24727863931977287
781,781.0,0.24200290636629584
782,782.0,0.23268728827429475
783,783.0,0.21983810108679097
784,784.0,0.20405649410256005
785,785.0,0.18601951491156377
786,786.0,0.16648067820128581
787,787.0,0.14619010285419465
788,788.0,0.1255410435565727
789,789.0,0.10473671962724201
790,790.0,0.08386084265389299
791,791.0,0.06287661431640572
792,792.0,0.0415955002154125
793,793.0,0.01957859501618374
794,794.0,-0.0035677260186457935
795,795.0,-0.028130161427942182
796,796.0,-0.05429268115310895
797,797.0,-0.08210123084738324
798,798.0,-0.11131926595119701
799,799.0,-0.14162218438593013
800,800.0,-0.17229340565787551
801,801.0,-0.20217890401118638
802,802.0,-0.2296946002738423
803,803.0,-0.25317179722736793
804,804.0,-0.2710350432401249
805,805.0,-0.28160287747002766
806,806.0,-0.2831027208178922
807,807.0,-0.274162678977843
808,808.0,-0.25446752952485546
809,809.0,-0.2242002122441758
810,810.0,-0.18408122344183392
811,811.0,-0.13555518821689438
812,812.0,-0.08082642961540963
813,813.0,-0.022191808530565016
814,814.0,0.038050911544282945
815,815.0,0.09757198911061007
816,816.0,0.15428834401476876
817,817.0,0.2066431982651448
818,818.0,0.2533308535830703
819,819.0,0.29328579976042246
820,820.0,0.32572003305941233
821,821.0,0.3504140599033131
822,822.0,0.36747771754018776
823,823.0,0.37724857143722623
824,824.0,0.3803027718750192
825,825.0,0.37747675301339584
826,826.0,0.36985199124002943
827,827.0,0.3585022711221732
828,828.0,0.34445258631846787
829,829.0,0.3286594659371424
830,830.0,0.31180406220391305
831,831.0,0.29440429201585
832,832.0,0.276872572441992
833,833.0,0.2595052386613659
834,834.0,0.24257642698756782
835,835.0,0.22642888412818504
836,836.0,0.211398517882187
837,837.0,0.19808098847919767
838,838.0,0.18733969837352
839,839.0,0.1802095227349122
840,840.0,0.17758591234458163
841,841.0,0.18044231450133497
842,842.0,0.189747829897718
843,843.0,0.20641352591126969
844,844.0,0.2308782646715233
845,845.0,0.2631633204971871
846,846.0,0.3030221176983367
847,847.0,0.349903329643333
848,848.0,0.4026691371469748
849,849.0,0.45989808249529224
850,850.0,0.520039862095999
851,851.0,0.5813972316510758
852,852.0,0.6420707910336879
853,853.0,0.7000778299130148
854,854.0,0.7534184835608224
855,855.0,0.80005925749884
856,856.0,0.8378416336028148
857,857.0,0.8648082206340835
858,858.0,0.8793976324586801
859,859.0,0.880428777331353
860,860.0,0.8676905759313228
861,861.0,0.842622608406275
862,862.0,0.8072598547199956
863,863.0,0.7641253296051502
864,864.0,0.7162336103478225
865,865.0,0.66712785398998
866,866.0,0.6193978979341908
867,867.0,0.5747452699888882
868,868.0,0.5343231388480496
869,869.0,0.4987363140912457
870,870.0,0.46787022373241227
871,871.0,0.4406424234471642
872,872.0,0.41607433416262674
873,873.0,0.3933607090551781
874,874.0,0.3718608423178408
875,875.0,0.3510993933386957
876,876.0,0.33074092088366736
877,877.0,0.31047286943014
878,878.0,0.2902149713148649
879,879.0,0.27017639375200886
880,880.0,0.2508557388331346
881,881.0,0.23303281222791802
882,882.0,0.2174235460021155
883,883.0,0.2047197126498634
884,884.0,0.1957666578561971
885,885.0,0.19150850025933933
886,886.0,0.19294824289329138
887,887.0,0.2006567151999342
888,888.0,0.2148933529286563
889,889.0,0.23569835062630168
890,890.0,0.2628061077502556
891,891.0,0.29542109873876554
892,892.0,0.3324602152565872
893,893.0,0.3726361386507213
894,894.0,0.41442935867422026
895,895.0,0.4561783094344528
896,896.0,0.49620662545950844
897,897.0,0.5328209915676576
898,898.0,0.5643950585103052
899,899.0,0.589543570631239
900,900.0,0.6070901197745912
901,901.0,0.6160630560562935
902,902.0,0.6159082038940691
903,903.0,0.607081177757012
904,904.0,0.5905769978602567
905,905.0,0.5677966553649322
906,906.0,0.5405471423530779
907,907.0,0.511056642736851
908,908.0,0.481158773359617
909,909.0,0.4521503362858961
910,910.0,0.4250391614130405
911,911.0,0.40054411305253446
912,912.0,0.3788230588279752
913,913.0,0.35903589791382456
914,914.0,0.3404924507093021
915,915.0,0.3225832172271167
916,916.0,0.3047677766389957
917,917.0,0.28661675206120923
918,918.0,0.26796919960924265
919,919.0,0.24864317177820455
920,920.0,0.2288145822380397
921,921.0,0.20907688367691396
922,922.0,0.19044054307059483
923,923.0,0.1739648204709035
924,924.0,0.16055765185456242
925,925.0,0.15136219874411863
926,926.0,0.14766453452069417
927,927.0,0.15076494846239685
928,928.0,0.1613392962392535
929,929.0,0.17974012735070663
930,930.0,0.20595546695548003
931,931.0,0.239469469271637
932,932.0,0.2792175099035046
933,933.0,0.3238662176448343
934,934.0,0.37184586796546093
935,935.0,0.42138597809692063
936,936.0,0.47068198843421893
937,937.0,0.5180043732852544
938,938.0,0.5616856093402406
939,939.0,0.60012017326842
940,940.0,0.632014559703645
941,941.0,0.656252762162986
942,942.0,0.6718718456087138
943,943.0,0.678252461868274
944,944.0,0.6756824416757661
945,945.0,0.6648860981959953
946,946.0,0.6469536560630398
947,947.0,0.6233433728726923
948,948.0,0.5958291210704068
949,949.0,0.5661400074683567
