,age_kyrBP,Insol
0,0.0,6.763
1,1.0,6.776
2,2.0,6.788
3,3.0,6.799
4,4.0,6.81
5,5.0,6.819
6,6.0,6.828
7,7.0,6.834
8,8.0,6.838
9,9.0,6.841
10,10.0,6.841
11,11.0,6.839
12,12.0,6.834
13,13.0,6.827
14,14.0,6.818
15,15.0,6.807
16,16.0,6.795
17,17.0,6.781
18,18.0,6.766
19,19.0,6.751
20,20.0,6.736
21,21.0,6.721
22,22.0,6.706
23,23.0,6.693
24,24.0,6.681
25,25.0,6.671
26,26.0,6.663
27,27.0,6.657
28,28.0,6.654
29,29.0,6.653
30,30.0,6.655
31,31.0,6.659
32,32.0,6.666
33,33.0,6.675
34,34.0,6.686
35,35.0,6.699
36,36.0,6.713
37,37.0,6.729
38,38.0,6.745
39,39.0,6.762
40,40.0,6.778
41,41.0,6.794
42,42.0,6.809
43,43.0,6.823
44,44.0,6.835
45,45.0,6.845
46,46.0,6.853
47,47.0,6.858
48,48.0,6.861
49,49.0,6.862
50,50.0,6.86
51,51.0,6.855
52,52.0,6.848
53,53.0,6.839
54,54.0,6.829
55,55.0,6.816
56,56.0,6.803
57,57.0,6.789
58,58.0,6.775
59,59.0,6.76
60,60.0,6.746
61,61.0,6.732
62,62.0,6.719
63,63.0,6.706
64,64.0,6.696
65,65.0,6.686
66,66.0,6.678
67,67.0,6.672
68,68.0,6.667
69,69.0,6.665
70,70.0,6.664
71,71.0,6.665
72,72.0,6.668
73,73.0,6.672
74,74.0,6.678
75,75.0,6.686
76,76.0,6.694
77,77.0,6.704
78,78.0,6.715
79,79.0,6.727
80,80.0,6.739
81,81.0,6.752
82,82.0,6.765
83,83.0,6.778
84,84.0,6.79
85,85.0,6.802
86,86.0,6.813
87,87.0,6.823
88,88.0,6.832
89,89.0,6.839
90,90.0,6.844
91,91.0,6.848
92,92.0,6.85
93,93.0,6.849
94,94.0,6.847
95,95.0,6.843
96,96.0,6.836
97,97.0,6.828
98,98.0,6.818
99,99.0,6.807
100,100.0,6.794
101,101.0,6.78
102,102.0,6.766
103,103.0,6.752
104,104.0,6.738
105,105.0,6.724
106,106.0,6.711
107,107.0,6.7
108,108.0,6.69
109,109.0,6.681
110,110.0,6.675
111,111.0,6.67
112,112.0,6.668
113,113.0,6.669
114,114.0,6.671
115,115.0,6.676
116,116.0,6.684
117,117.0,6.693
118,118.0,6.704
119,119.0,6.717
120,120.0,6.731
121,121.0,6.745
122,122.0,6.761
123,123.0,6.776
124,124.0,6.79
125,125.0,6.804
126,126.0,6.817
127,127.0,6.828
128,128.0,6.836
129,129.0,6.843
130,130.0,6.847
131,131.0,6.848
132,132.0,6.847
133,133.0,6.843
134,134.0,6.837
135,135.0,6.828
136,136.0,6.818
137,137.0,6.806
138,138.0,6.792
139,139.0,6.778
140,140.0,6.763
141,141.0,6.749
142,142.0,6.735
143,143.0,6.722
144,144.0,6.71
145,145.0,6.699
146,146.0,6.69
147,147.0,6.683
148,148.0,6.679
149,149.0,6.676
150,150.0,6.676
151,151.0,6.678
152,152.0,6.682
153,153.0,6.688
154,154.0,6.696
155,155.0,6.705
156,156.0,6.715
157,157.0,6.727
158,158.0,6.739
159,159.0,6.751
160,160.0,6.764
161,161.0,6.776
162,162.0,6.787
163,163.0,6.798
164,164.0,6.807
165,165.0,6.816
166,166.0,6.822
167,167.0,6.827
168,168.0,6.831
169,169.0,6.832
170,170.0,6.832
171,171.0,6.83
172,172.0,6.827
173,173.0,6.822
174,174.0,6.816
175,175.0,6.808
176,176.0,6.799
177,177.0,6.79
178,178.0,6.78
179,179.0,6.77
180,180.0,6.759
181,181.0,6.748
182,182.0,6.737
183,183.0,6.727
184,184.0,6.717
185,185.0,6.708
186,186.0,6.7
187,187.0,6.693
188,188.0,6.687
189,189.0,6.682
190,190.0,6.678
191,191.0,6.677
192,192.0,6.677
193,193.0,6.678
194,194.0,6.682
195,195.0,6.687
196,196.0,6.694
197,197.0,6.702
198,198.0,6.712
199,199.0,6.723
200,200.0,6.736
201,201.0,6.749
202,202.0,6.764
203,203.0,6.778
204,204.0,6.793
205,205.0,6.808
206,206.0,6.822
207,207.0,6.835
208,208.0,6.846
209,209.0,6.856
210,210.0,6.864
211,211.0,6.87
212,212.0,6.873
213,213.0,6.874
214,214.0,6.872
215,215.0,6.867
216,216.0,6.859
217,217.0,6.849
218,218.0,6.836
219,219.0,6.822
220,220.0,6.806
221,221.0,6.789
222,222.0,6.771
223,223.0,6.753
224,224.0,6.734
225,225.0,6.717
226,226.0,6.701
227,227.0,6.686
228,228.0,6.673
229,229.0,6.662
230,230.0,6.654
231,231.0,6.648
232,232.0,6.646
233,233.0,6.646
234,234.0,6.649
235,235.0,6.655
236,236.0,6.663
237,237.0,6.674
238,238.0,6.687
239,239.0,6.702
240,240.0,6.718
241,241.0,6.735
242,242.0,6.752
243,243.0,6.77
244,244.0,6.787
245,245.0,6.803
246,246.0,6.818
247,247.0,6.831
248,248.0,6.842
249,249.0,6.851
250,250.0,6.857
251,251.0,6.86
252,252.0,6.861
253,253.0,6.859
254,254.0,6.855
255,255.0,6.848
256,256.0,6.84
257,257.0,6.829
258,258.0,6.818
259,259.0,6.805
260,260.0,6.792
261,261.0,6.778
262,262.0,6.764
263,263.0,6.751
264,264.0,6.738
265,265.0,6.726
266,266.0,6.715
267,267.0,6.706
268,268.0,6.698
269,269.0,6.691
270,270.0,6.687
271,271.0,6.683
272,272.0,6.682
273,273.0,6.682
274,274.0,6.683
275,275.0,6.686
276,276.0,6.691
277,277.0,6.696
278,278.0,6.703
279,279.0,6.71
280,280.0,6.718
281,281.0,6.727
282,282.0,6.736
283,283.0,6.746
284,284.0,6.755
285,285.0,6.765
286,286.0,6.774
287,287.0,6.783
288,288.0,6.791
289,289.0,6.799
290,290.0,6.805
291,291.0,6.81
292,292.0,6.815
293,293.0,6.818
294,294.0,6.819
295,295.0,6.82
296,296.0,6.818
297,297.0,6.815
298,298.0,6.811
299,299.0,6.805
300,300.0,6.799
301,301.0,6.79
302,302.0,6.781
303,303.0,6.771
304,304.0,6.761
305,305.0,6.75
306,306.0,6.739
307,307.0,6.729
308,308.0,6.719
309,309.0,6.709
310,310.0,6.701
311,311.0,6.694
312,312.0,6.689
313,313.0,6.685
314,314.0,6.684
315,315.0,6.684
316,316.0,6.686
317,317.0,6.691
318,318.0,6.697
319,319.0,6.705
320,320.0,6.715
321,321.0,6.726
322,322.0,6.738
323,323.0,6.751
324,324.0,6.765
325,325.0,6.779
326,326.0,6.792
327,327.0,6.805
328,328.0,6.817
329,329.0,6.827
330,330.0,6.836
331,331.0,6.842
332,332.0,6.846
333,333.0,6.848
334,334.0,6.847
335,335.0,6.843
336,336.0,6.837
337,337.0,6.829
338,338.0,6.819
339,339.0,6.807
340,340.0,6.793
341,341.0,6.778
342,342.0,6.763
343,343.0,6.747
344,344.0,6.731
345,345.0,6.717
346,346.0,6.703
347,347.0,6.69
348,348.0,6.68
349,349.0,6.671
350,350.0,6.664
351,351.0,6.66
352,352.0,6.658
353,353.0,6.659
354,354.0,6.662
355,355.0,6.667
356,356.0,6.674
357,357.0,6.684
358,358.0,6.695
359,359.0,6.707
360,360.0,6.72
361,361.0,6.735
362,362.0,6.749
363,363.0,6.764
364,364.0,6.778
365,365.0,6.792
366,366.0,6.804
367,367.0,6.816
368,368.0,6.826
369,369.0,6.834
370,370.0,6.84
371,371.0,6.845
372,372.0,6.847
373,373.0,6.847
374,374.0,6.845
375,375.0,6.842
376,376.0,6.836
377,377.0,6.829
378,378.0,6.82
379,379.0,6.811
380,380.0,6.8
381,381.0,6.788
382,382.0,6.776
383,383.0,6.764
384,384.0,6.752
385,385.0,6.739
386,386.0,6.728
387,387.0,6.717
388,388.0,6.706
389,389.0,6.697
390,390.0,6.689
391,391.0,6.682
392,392.0,6.676
393,393.0,6.672
394,394.0,6.67
395,395.0,6.669
396,396.0,6.67
397,397.0,6.672
398,398.0,6.676
399,399.0,6.681
400,400.0,6.688
401,401.0,6.697
402,402.0,6.706
403,403.0,6.717
404,404.0,6.728
405,405.0,6.741
406,406.0,6.753
407,407.0,6.766
408,408.0,6.779
409,409.0,6.791
410,410.0,6.803
411,411.0,6.814
412,412.0,6.823
413,413.0,6.832
414,414.0,6.838
415,415.0,6.843
416,416.0,6.845
417,417.0,6.846
418,418.0,6.844
419,419.0,6.84
420,420.0,6.834
421,421.0,6.826
422,422.0,6.817
423,423.0,6.806
424,424.0,6.793
425,425.0,6.78
426,426.0,6.766
427,427.0,6.752
428,428.0,6.738
429,429.0,6.725
430,430.0,6.712
431,431.0,6.701
432,432.0,6.691
433,433.0,6.683
434,434.0,6.676
435,435.0,6.672
436,436.0,6.669
437,437.0,6.669
438,438.0,6.671
439,439.0,6.676
440,440.0,6.682
441,441.0,6.69
442,442.0,6.699
443,443.0,6.71
444,444.0,6.722
445,445.0,6.735
446,446.0,6.747
447,447.0,6.76
448,448.0,6.773
449,449.0,6.784
450,450.0,6.795
451,451.0,6.804
452,452.0,6.812
453,453.0,6.818
454,454.0,6.822
455,455.0,6.824
456,456.0,6.824
457,457.0,6.822
458,458.0,6.818
459,459.0,6.813
460,460.0,6.806
461,461.0,6.797
462,462.0,6.788
463,463.0,6.778
464,464.0,6.768
465,465.0,6.758
466,466.0,6.748
467,467.0,6.738
468,468.0,6.729
469,469.0,6.721
470,470.0,6.714
471,471.0,6.708
472,472.0,6.704
473,473.0,6.701
474,474.0,6.699
475,475.0,6.699
476,476.0,6.7
477,477.0,6.703
478,478.0,6.707
479,479.0,6.712
480,480.0,6.718
481,481.0,6.725
482,482.0,6.732
483,483.0,6.74
484,484.0,6.748
485,485.0,6.757
486,486.0,6.765
487,487.0,6.773
488,488.0,6.78
489,489.0,6.788
490,490.0,6.794
491,491.0,6.799
492,492.0,6.804
493,493.0,6.807
494,494.0,6.809
495,495.0,6.811
496,496.0,6.81
497,497.0,6.809
498,498.0,6.807
499,499.0,6.803
500,500.0,6.798
501,501.0,6.793
502,502.0,6.786
503,503.0,6.778
504,504.0,6.77
505,505.0,6.762
506,506.0,6.753
507,507.0,6.744
508,508.0,6.735
509,509.0,6.726
510,510.0,6.718
511,511.0,6.71
512,512.0,6.703
513,513.0,6.697
514,514.0,6.692
515,515.0,6.689
516,516.0,6.687
517,517.0,6.686
518,518.0,6.687
519,519.0,6.69
520,520.0,6.694
521,521.0,6.699
522,522.0,6.707
523,523.0,6.715
524,524.0,6.725
525,525.0,6.735
526,526.0,6.747
527,527.0,6.758
528,528.0,6.77
529,529.0,6.782
530,530.0,6.794
531,531.0,6.805
532,532.0,6.814
533,533.0,6.823
534,534.0,6.83
535,535.0,6.835
536,536.0,6.839
537,537.0,6.84
538,538.0,6.839
539,539.0,6.836
540,540.0,6.831
541,541.0,6.825
542,542.0,6.816
543,543.0,6.806
544,544.0,6.795
545,545.0,6.783
546,546.0,6.77
547,547.0,6.757
548,548.0,6.744
549,549.0,6.731
550,550.0,6.719
551,551.0,6.708
552,552.0,6.698
553,553.0,6.689
554,554.0,6.683
555,555.0,6.677
556,556.0,6.674
557,557.0,6.672
558,558.0,6.673
559,559.0,6.675
560,560.0,6.679
561,561.0,6.685
562,562.0,6.692
563,563.0,6.7
564,564.0,6.71
565,565.0,6.72
566,566.0,6.731
567,567.0,6.743
568,568.0,6.754
569,569.0,6.766
570,570.0,6.777
571,571.0,6.787
572,572.0,6.797
573,573.0,6.805
574,574.0,6.813
575,575.0,6.819
576,576.0,6.824
577,577.0,6.828
578,578.0,6.83
579,579.0,6.83
580,580.0,6.829
581,581.0,6.827
582,582.0,6.823
583,583.0,6.818
584,584.0,6.813
585,585.0,6.806
586,586.0,6.798
587,587.0,6.79
588,588.0,6.781
589,589.0,6.772
590,590.0,6.763
591,591.0,6.754
592,592.0,6.745
593,593.0,6.737
594,594.0,6.729
595,595.0,6.722
596,596.0,6.715
597,597.0,6.71
598,598.0,6.706
599,599.0,6.702
600,600.0,6.7
601,601.0,6.7
602,602.0,6.7
603,603.0,6.702
604,604.0,6.705
605,605.0,6.709
606,606.0,6.714
607,607.0,6.72
608,608.0,6.727
609,609.0,6.735
610,610.0,6.743
611,611.0,6.751
612,612.0,6.76
613,613.0,6.768
614,614.0,6.776
615,615.0,6.784
616,616.0,6.79
617,617.0,6.796
618,618.0,6.801
619,619.0,6.805
620,620.0,6.807
621,621.0,6.808
622,622.0,6.808
623,623.0,6.806
624,624.0,6.803
625,625.0,6.799
626,626.0,6.794
627,627.0,6.787
628,628.0,6.78
629,629.0,6.772
630,630.0,6.764
631,631.0,6.756
632,632.0,6.748
633,633.0,6.74
634,634.0,6.733
635,635.0,6.726
636,636.0,6.72
637,637.0,6.716
638,638.0,6.712
639,639.0,6.71
640,640.0,6.709
641,641.0,6.709
642,642.0,6.71
643,643.0,6.713
644,644.0,6.717
645,645.0,6.721
646,646.0,6.727
647,647.0,6.733
648,648.0,6.739
649,649.0,6.746
650,650.0,6.753
651,651.0,6.76
652,652.0,6.767
653,653.0,6.773
654,654.0,6.779
655,655.0,6.784
656,656.0,6.787
657,657.0,6.791
658,658.0,6.793
659,659.0,6.793
660,660.0,6.793
661,661.0,6.792
662,662.0,6.79
663,663.0,6.787
664,664.0,6.783
665,665.0,6.779
666,666.0,6.774
667,667.0,6.768
668,668.0,6.762
669,669.0,6.757
670,670.0,6.75
671,671.0,6.744
672,672.0,6.739
673,673.0,6.733
674,674.0,6.728
675,675.0,6.724
676,676.0,6.72
677,677.0,6.717
678,678.0,6.715
679,679.0,6.713
680,680.0,6.713
681,681.0,6.713
682,682.0,6.714
683,683.0,6.716
684,684.0,6.719
685,685.0,6.723
686,686.0,6.727
687,687.0,6.733
688,688.0,6.739
689,689.0,6.745
690,690.0,6.752
691,691.0,6.759
692,692.0,6.767
693,693.0,6.774
694,694.0,6.781
695,695.0,6.788
696,696.0,6.795
697,697.0,6.801
698,698.0,6.806
699,699.0,6.81
700,700.0,6.813
701,701.0,6.815
702,702.0,6.816
703,703.0,6.815
704,704.0,6.813
705,705.0,6.809
706,706.0,6.805
707,707.0,6.799
708,708.0,6.792
709,709.0,6.784
710,710.0,6.776
711,711.0,6.766
712,712.0,6.757
713,713.0,6.747
714,714.0,6.737
715,715.0,6.728
716,716.0,6.719
717,717.0,6.711
718,718.0,6.704
719,719.0,6.698
720,720.0,6.693
721,721.0,6.689
722,722.0,6.687
723,723.0,6.687
724,724.0,6.688
725,725.0,6.69
726,726.0,6.694
727,727.0,6.7
728,728.0,6.706
729,729.0,6.713
730,730.0,6.722
731,731.0,6.731
732,732.0,6.74
733,733.0,6.75
734,734.0,6.76
735,735.0,6.769
736,736.0,6.778
737,737.0,6.786
738,738.0,6.794
739,739.0,6.801
740,740.0,6.806
741,741.0,6.81
742,742.0,6.813
743,743.0,6.815
744,744.0,6.815
745,745.0,6.814
746,746.0,6.812
747,747.0,6.808
748,748.0,6.804
749,749.0,6.799
750,750.0,6.793
751,751.0,6.786
752,752.0,6.779
753,753.0,6.772
754,754.0,6.764
755,755.0,6.756
756,756.0,6.749
757,757.0,6.742
758,758.0,6.735
759,759.0,6.728
760,760.0,6.722
761,761.0,6.717
762,762.0,6.712
763,763.0,6.709
764,764.0,6.706
765,765.0,6.704
766,766.0,6.702
767,767.0,6.702
768,768.0,6.702
769,769.0,6.704
770,770.0,6.706
771,771.0,6.709
772,772.0,6.713
773,773.0,6.718
774,774.0,6.723
775,775.0,6.729
776,776.0,6.735
777,777.0,6.742
778,778.0,6.749
779,779.0,6.756
780,780.0,6.764
781,781.0,6.77
782,782.0,6.777
783,783.0,6.783
784,784.0,6.789
785,785.0,6.793
786,786.0,6.797
787,787.0,6.8
788,788.0,6.802
789,789.0,6.803
790,790.0,6.802
791,791.0,6.8
792,792.0,6.798
793,793.0,6.794
794,794.0,6.789
795,795.0,6.783
796,796.0,6.777
797,797.0,6.77
798,798.0,6.762
799,799.0,6.755
800,800.0,6.747
801,801.0,6.74
802,802.0,6.733
803,803.0,6.727
804,804.0,6.722
805,805.0,6.717
806,806.0,6.714
807,807.0,6.711
808,808.0,6.71
809,809.0,6.71
810,810.0,6.712
811,811.0,6.714
812,812.0,6.717
813,813.0,6.722
814,814.0,6.727
815,815.0,6.732
816,816.0,6.738
817,817.0,6.745
818,818.0,6.751
819,819.0,6.758
820,820.0,6.764
821,821.0,6.769
822,822.0,6.774
823,823.0,6.778
824,824.0,6.782
825,825.0,6.784
826,826.0,6.785
827,827.0,6.786
828,828.0,6.785
829,829.0,6.784
830,830.0,6.781
831,831.0,6.778
832,832.0,6.774
833,833.0,6.77
834,834.0,6.765
835,835.0,6.76
836,836.0,6.755
837,837.0,6.75
838,838.0,6.745
839,839.0,6.741
840,840.0,6.737
841,841.0,6.733
842,842.0,6.73
843,843.0,6.728
844,844.0,6.726
845,845.0,6.725
846,846.0,6.724
847,847.0,6.725
848,848.0,6.726
849,849.0,6.727
850,850.0,6.729
851,851.0,6.732
852,852.0,6.735
853,853.0,6.739
854,854.0,6.742
855,855.0,6.747
856,856.0,6.751
857,857.0,6.756
858,858.0,6.76
859,859.0,6.765
860,860.0,6.77
861,861.0,6.774
862,862.0,6.779
863,863.0,6.783
864,864.0,6.786
865,865.0,6.789
866,866.0,6.792
867,867.0,6.794
868,868.0,6.796
869,869.0,6.797
870,870.0,6.796
871,871.0,6.795
872,872.0,6.794
873,873.0,6.791
874,874.0,6.787
875,875.0,6.783
876,876.0,6.777
877,877.0,6.771
878,878.0,6.765
879,879.0,6.757
880,880.0,6.75
881,881.0,6.742
882,882.0,6.735
883,883.0,6.727
884,884.0,6.72
885,885.0,6.713
886,886.0,6.707
887,887.0,6.702
888,888.0,6.698
889,889.0,6.696
890,890.0,6.694
891,891.0,6.694
892,892.0,6.696
893,893.0,6.698
894,894.0,6.702
895,895.0,6.708
896,896.0,6.715
897,897.0,6.723
898,898.0,6.732
899,899.0,6.741
900,900.0,6.751
901,901.0,6.762
902,902.0,6.772
903,903.0,6.782
904,904.0,6.792
905,905.0,6.8
906,906.0,6.808
907,907.0,6.815
908,908.0,6.82
909,909.0,6.824
910,910.0,6.826
911,911.0,6.826
912,912.0,6.824
913,913.0,6.821
914,914.0,6.817
915,915.0,6.811
916,916.0,6.804
917,917.0,6.795
918,918.0,6.786
919,919.0,6.776
920,920.0,6.766
921,921.0,6.756
922,922.0,6.746
923,923.0,6.736
924,924.0,6.727
925,925.0,6.718
926,926.0,6.711
927,927.0,6.705
928,928.0,6.699
929,929.0,6.695
930,930.0,6.693
931,931.0,6.692
932,932.0,6.692
933,933.0,6.693
934,934.0,6.696
935,935.0,6.699
936,936.0,6.704
937,937.0,6.71
938,938.0,6.716
939,939.0,6.723
940,940.0,6.731
941,941.0,6.739
942,942.0,6.747
943,943.0,6.755
944,944.0,6.764
945,945.0,6.772
946,946.0,6.779
947,947.0,6.787
948,948.0,6.793
949,949.0,6.799
950,950.0,6.805
951,951.0,6.809
952,952.0,6.813
953,953.0,6.816
954,954.0,6.817
955,955.0,6.818
956,956.0,6.818
957,957.0,6.816
958,958.0,6.814
959,959.0,6.811
960,960.0,6.806
961,961.0,6.801
962,962.0,6.795
963,963.0,6.788
964,964.0,6.781
965,965.0,6.773
966,966.0,6.765
967,967.0,6.757
968,968.0,6.749
969,969.0,6.741
970,970.0,6.733
971,971.0,6.726
972,972.0,6.72
973,973.0,6.714
974,974.0,6.71
975,975.0,6.707
976,976.0,6.705
977,977.0,6.705
978,978.0,6.705
979,979.0,6.708
980,980.0,6.711
981,981.0,6.716
982,982.0,6.722
983,983.0,6.73
984,984.0,6.737
985,985.0,6.746
986,986.0,6.755
987,987.0,6.764
988,988.0,6.773
989,989.0,6.782
990,990.0,6.79
991,991.0,6.797
992,992.0,6.803
993,993.0,6.808
994,994.0,6.811
995,995.0,6.813
996,996.0,6.813
997,997.0,6.812
998,998.0,6.809
999,999.0,6.805
1000,1000.0,6.799
1001,1001.0,6.792
1002,1002.0,6.784
1003,1003.0,6.775
1004,1004.0,6.766
1005,1005.0,6.756
1006,1006.0,6.747
1007,1007.0,6.738
1008,1008.0,6.729
1009,1009.0,6.722
1010,1010.0,6.715
1011,1011.0,6.71
1012,1012.0,6.705
1013,1013.0,6.703
1014,1014.0,6.702
1015,1015.0,6.702
1016,1016.0,6.704
1017,1017.0,6.707
1018,1018.0,6.712
1019,1019.0,6.718
1020,1020.0,6.724
1021,1021.0,6.732
1022,1022.0,6.74
1023,1023.0,6.748
1024,1024.0,6.757
1025,1025.0,6.765
1026,1026.0,6.773
1027,1027.0,6.78
1028,1028.0,6.787
1029,1029.0,6.793
1030,1030.0,6.797
1031,1031.0,6.801
1032,1032.0,6.803
1033,1033.0,6.804
1034,1034.0,6.804
1035,1035.0,6.803
1036,1036.0,6.801
1037,1037.0,6.797
1038,1038.0,6.793
1039,1039.0,6.788
1040,1040.0,6.782
1041,1041.0,6.776
1042,1042.0,6.77
1043,1043.0,6.763
1044,1044.0,6.756
1045,1045.0,6.749
1046,1046.0,6.742
1047,1047.0,6.736
1048,1048.0,6.73
1049,1049.0,6.725
1050,1050.0,6.72
1051,1051.0,6.716
1052,1052.0,6.712
1053,1053.0,6.71
1054,1054.0,6.708
1055,1055.0,6.707
1056,1056.0,6.707
1057,1057.0,6.708
1058,1058.0,6.711
1059,1059.0,6.714
1060,1060.0,6.718
1061,1061.0,6.723
1062,1062.0,6.729
1063,1063.0,6.736
1064,1064.0,6.744
1065,1065.0,6.752
1066,1066.0,6.761
1067,1067.0,6.77
1068,1068.0,6.78
1069,1069.0,6.79
1070,1070.0,6.799
1071,1071.0,6.808
1072,1072.0,6.817
1073,1073.0,6.824
1074,1074.0,6.831
1075,1075.0,6.836
1076,1076.0,6.84
1077,1077.0,6.842
1078,1078.0,6.843
1079,1079.0,6.841
1080,1080.0,6.838
1081,1081.0,6.832
1082,1082.0,6.825
1083,1083.0,6.816
1084,1084.0,6.805
1085,1085.0,6.794
1086,1086.0,6.781
1087,1087.0,6.767
1088,1088.0,6.753
1089,1089.0,6.739
1090,1090.0,6.725
1091,1091.0,6.712
1092,1092.0,6.7
1093,1093.0,6.689
1094,1094.0,6.68
1095,1095.0,6.673
1096,1096.0,6.668
1097,1097.0,6.664
1098,1098.0,6.664
1099,1099.0,6.665
1100,1100.0,6.669
1101,1101.0,6.675
1102,1102.0,6.683
1103,1103.0,6.692
1104,1104.0,6.704
1105,1105.0,6.716
1106,1106.0,6.73
1107,1107.0,6.744
1108,1108.0,6.759
1109,1109.0,6.773
1110,1110.0,6.787
1111,1111.0,6.8
1112,1112.0,6.812
1113,1113.0,6.822
1114,1114.0,6.831
1115,1115.0,6.837
1116,1116.0,6.842
1117,1117.0,6.844
1118,1118.0,6.844
1119,1119.0,6.842
1120,1120.0,6.838
1121,1121.0,6.832
1122,1122.0,6.824
1123,1123.0,6.815
1124,1124.0,6.805
1125,1125.0,6.794
1126,1126.0,6.783
1127,1127.0,6.771
1128,1128.0,6.76
1129,1129.0,6.748
1130,1130.0,6.737
1131,1131.0,6.727
1132,1132.0,6.718
1133,1133.0,6.71
1134,1134.0,6.703
1135,1135.0,6.697
1136,1136.0,6.693
1137,1137.0,6.69
1138,1138.0,6.688
1139,1139.0,6.688
1140,1140.0,6.689
1141,1141.0,6.691
1142,1142.0,6.694
1143,1143.0,6.698
1144,1144.0,6.704
1145,1145.0,6.71
1146,1146.0,6.717
1147,1147.0,6.724
1148,1148.0,6.732
1149,1149.0,6.74
1150,1150.0,6.748
1151,1151.0,6.757
1152,1152.0,6.765
1153,1153.0,6.774
1154,1154.0,6.782
1155,1155.0,6.789
1156,1156.0,6.796
1157,1157.0,6.802
1158,1158.0,6.807
1159,1159.0,6.811
1160,1160.0,6.814
1161,1161.0,6.816
1162,1162.0,6.817
1163,1163.0,6.816
1164,1164.0,6.813
1165,1165.0,6.81
1166,1166.0,6.805
1167,1167.0,6.799
1168,1168.0,6.791
1169,1169.0,6.783
1170,1170.0,6.774
1171,1171.0,6.764
1172,1172.0,6.755
1173,1173.0,6.744
1174,1174.0,6.734
1175,1175.0,6.725
1176,1176.0,6.716
1177,1177.0,6.708
1178,1178.0,6.701
1179,1179.0,6.696
1180,1180.0,6.692
1181,1181.0,6.691
1182,1182.0,6.69
1183,1183.0,6.692
1184,1184.0,6.696
1185,1185.0,6.701
1186,1186.0,6.708
1187,1187.0,6.717
1188,1188.0,6.727
1189,1189.0,6.738
1190,1190.0,6.75
1191,1191.0,6.762
1192,1192.0,6.774
1193,1193.0,6.786
1194,1194.0,6.797
1195,1195.0,6.807
1196,1196.0,6.815
1197,1197.0,6.822
1198,1198.0,6.827
1199,1199.0,6.83
1200,1200.0,6.831
1201,1201.0,6.829
1202,1202.0,6.826
1203,1203.0,6.82
1204,1204.0,6.812
1205,1205.0,6.802
1206,1206.0,6.791
1207,1207.0,6.779
1208,1208.0,6.767
1209,1209.0,6.753
1210,1210.0,6.74
1211,1211.0,6.728
1212,1212.0,6.716
1213,1213.0,6.705
1214,1214.0,6.695
1215,1215.0,6.687
1216,1216.0,6.681
1217,1217.0,6.677
1218,1218.0,6.675
1219,1219.0,6.675
1220,1220.0,6.676
1221,1221.0,6.68
1222,1222.0,6.686
1223,1223.0,6.693
1224,1224.0,6.702
1225,1225.0,6.712
1226,1226.0,6.723
1227,1227.0,6.735
1228,1228.0,6.747
1229,1229.0,6.759
1230,1230.0,6.771
1231,1231.0,6.783
1232,1232.0,6.793
1233,1233.0,6.803
1234,1234.0,6.812
1235,1235.0,6.819
1236,1236.0,6.825
1237,1237.0,6.829
1238,1238.0,6.832
1239,1239.0,6.833
1240,1240.0,6.833
1241,1241.0,6.831
1242,1242.0,6.828
1243,1243.0,6.823
1244,1244.0,6.817
1245,1245.0,6.81
1246,1246.0,6.802
1247,1247.0,6.793
1248,1248.0,6.784
1249,1249.0,6.774
1250,1250.0,6.763
1251,1251.0,6.753
1252,1252.0,6.742
1253,1253.0,6.732
1254,1254.0,6.722
1255,1255.0,6.712
1256,1256.0,6.703
1257,1257.0,6.696
1258,1258.0,6.689
1259,1259.0,6.683
1260,1260.0,6.678
1261,1261.0,6.675
1262,1262.0,6.674
1263,1263.0,6.674
1264,1264.0,6.676
1265,1265.0,6.679
1266,1266.0,6.684
1267,1267.0,6.691
1268,1268.0,6.699
1269,1269.0,6.709
1270,1270.0,6.72
1271,1271.0,6.732
1272,1272.0,6.746
1273,1273.0,6.759
1274,1274.0,6.773
1275,1275.0,6.787
1276,1276.0,6.801
1277,1277.0,6.814
1278,1278.0,6.826
1279,1279.0,6.837
1280,1280.0,6.846
1281,1281.0,6.853
1282,1282.0,6.858
1283,1283.0,6.86
1284,1284.0,6.86
1285,1285.0,6.857
1286,1286.0,6.852
1287,1287.0,6.844
1288,1288.0,6.834
1289,1289.0,6.822
1290,1290.0,6.809
1291,1291.0,6.794
1292,1292.0,6.778
1293,1293.0,6.762
1294,1294.0,6.745
1295,1295.0,6.73
1296,1296.0,6.714
1297,1297.0,6.7
1298,1298.0,6.688
1299,1299.0,6.677
1300,1300.0,6.668
1301,1301.0,6.662
1302,1302.0,6.658
1303,1303.0,6.656
1304,1304.0,6.657
1305,1305.0,6.66
1306,1306.0,6.666
1307,1307.0,6.674
1308,1308.0,6.683
1309,1309.0,6.695
1310,1310.0,6.707
1311,1311.0,6.721
1312,1312.0,6.735
1313,1313.0,6.749
1314,1314.0,6.763
1315,1315.0,6.777
1316,1316.0,6.789
1317,1317.0,6.801
1318,1318.0,6.811
1319,1319.0,6.819
1320,1320.0,6.826
1321,1321.0,6.83
1322,1322.0,6.833
1323,1323.0,6.833
1324,1324.0,6.832
1325,1325.0,6.829
1326,1326.0,6.824
1327,1327.0,6.818
1328,1328.0,6.81
1329,1329.0,6.802
1330,1330.0,6.793
1331,1331.0,6.783
1332,1332.0,6.773
1333,1333.0,6.764
1334,1334.0,6.754
1335,1335.0,6.745
1336,1336.0,6.737
1337,1337.0,6.729
1338,1338.0,6.723
1339,1339.0,6.717
1340,1340.0,6.713
1341,1341.0,6.709
1342,1342.0,6.707
1343,1343.0,6.706
1344,1344.0,6.706
1345,1345.0,6.707
1346,1346.0,6.71
1347,1347.0,6.713
1348,1348.0,6.717
1349,1349.0,6.722
1350,1350.0,6.728
1351,1351.0,6.734
1352,1352.0,6.741
1353,1353.0,6.748
1354,1354.0,6.756
1355,1355.0,6.764
1356,1356.0,6.772
1357,1357.0,6.779
1358,1358.0,6.787
1359,1359.0,6.794
1360,1360.0,6.8
1361,1361.0,6.806
1362,1362.0,6.811
1363,1363.0,6.815
1364,1364.0,6.817
1365,1365.0,6.818
1366,1366.0,6.818
1367,1367.0,6.816
1368,1368.0,6.813
1369,1369.0,6.808
1370,1370.0,6.802
1371,1371.0,6.795
1372,1372.0,6.787
1373,1373.0,6.777
1374,1374.0,6.767
1375,1375.0,6.756
1376,1376.0,6.745
1377,1377.0,6.735
1378,1378.0,6.724
1379,1379.0,6.714
1380,1380.0,6.705
1381,1381.0,6.698
1382,1382.0,6.691
1383,1383.0,6.686
1384,1384.0,6.683
1385,1385.0,6.682
1386,1386.0,6.683
1387,1387.0,6.686
1388,1388.0,6.691
1389,1389.0,6.698
1390,1390.0,6.707
1391,1391.0,6.717
1392,1392.0,6.729
1393,1393.0,6.741
1394,1394.0,6.755
1395,1395.0,6.768
1396,1396.0,6.782
1397,1397.0,6.795
1398,1398.0,6.808
1399,1399.0,6.819
1400,1400.0,6.829
1401,1401.0,6.837
1402,1402.0,6.843
1403,1403.0,6.847
1404,1404.0,6.848
1405,1405.0,6.847
1406,1406.0,6.843
1407,1407.0,6.837
1408,1408.0,6.829
1409,1409.0,6.819
1410,1410.0,6.807
1411,1411.0,6.794
1412,1412.0,6.78
1413,1413.0,6.766
1414,1414.0,6.751
1415,1415.0,6.736
1416,1416.0,6.723
1417,1417.0,6.71
1418,1418.0,6.698
1419,1419.0,6.687
1420,1420.0,6.679
1421,1421.0,6.672
1422,1422.0,6.668
1423,1423.0,6.665
1424,1424.0,6.665
1425,1425.0,6.666
1426,1426.0,6.67
1427,1427.0,6.675
1428,1428.0,6.682
1429,1429.0,6.691
1430,1430.0,6.701
1431,1431.0,6.712
1432,1432.0,6.724
1433,1433.0,6.737
1434,1434.0,6.749
1435,1435.0,6.762
1436,1436.0,6.774
1437,1437.0,6.786
1438,1438.0,6.797
1439,1439.0,6.807
1440,1440.0,6.816
1441,1441.0,6.824
1442,1442.0,6.831
1443,1443.0,6.836
1444,1444.0,6.839
1445,1445.0,6.841
1446,1446.0,6.841
1447,1447.0,6.84
1448,1448.0,6.837
1449,1449.0,6.833
1450,1450.0,6.828
1451,1451.0,6.822
1452,1452.0,6.814
1453,1453.0,6.806
1454,1454.0,6.796
1455,1455.0,6.787
1456,1456.0,6.776
1457,1457.0,6.766
1458,1458.0,6.755
1459,1459.0,6.744
1460,1460.0,6.734
1461,1461.0,6.724
1462,1462.0,6.715
1463,1463.0,6.706
1464,1464.0,6.699
1465,1465.0,6.693
1466,1466.0,6.688
1467,1467.0,6.684
1468,1468.0,6.682
1469,1469.0,6.682
1470,1470.0,6.683
1471,1471.0,6.686
1472,1472.0,6.691
1473,1473.0,6.697
1474,1474.0,6.705
1475,1475.0,6.714
1476,1476.0,6.724
1477,1477.0,6.735
1478,1478.0,6.747
1479,1479.0,6.759
1480,1480.0,6.772
1481,1481.0,6.784
1482,1482.0,6.796
1483,1483.0,6.807
1484,1484.0,6.816
1485,1485.0,6.825
1486,1486.0,6.832
1487,1487.0,6.837
1488,1488.0,6.84
1489,1489.0,6.841
1490,1490.0,6.839
1491,1491.0,6.836
1492,1492.0,6.831
1493,1493.0,6.823
1494,1494.0,6.814
1495,1495.0,6.804
1496,1496.0,6.793
1497,1497.0,6.78
1498,1498.0,6.768
1499,1499.0,6.755
1500,1500.0,6.742
1501,1501.0,6.73
1502,1502.0,6.719
1503,1503.0,6.709
1504,1504.0,6.7
1505,1505.0,6.694
1506,1506.0,6.688
1507,1507.0,6.685
1508,1508.0,6.684
1509,1509.0,6.685
1510,1510.0,6.687
1511,1511.0,6.692
1512,1512.0,6.698
1513,1513.0,6.705
1514,1514.0,6.714
1515,1515.0,6.723
1516,1516.0,6.733
1517,1517.0,6.744
1518,1518.0,6.754
1519,1519.0,6.764
1520,1520.0,6.773
1521,1521.0,6.782
1522,1522.0,6.79
1523,1523.0,6.796
1524,1524.0,6.801
1525,1525.0,6.804
1526,1526.0,6.806
1527,1527.0,6.807
1528,1528.0,6.805
1529,1529.0,6.803
1530,1530.0,6.799
1531,1531.0,6.794
1532,1532.0,6.788
1533,1533.0,6.782
1534,1534.0,6.774
1535,1535.0,6.767
1536,1536.0,6.759
1537,1537.0,6.752
1538,1538.0,6.744
1539,1539.0,6.738
1540,1540.0,6.731
1541,1541.0,6.726
1542,1542.0,6.721
1543,1543.0,6.717
1544,1544.0,6.714
1545,1545.0,6.711
1546,1546.0,6.71
1547,1547.0,6.71
1548,1548.0,6.711
1549,1549.0,6.712
1550,1550.0,6.715
1551,1551.0,6.718
1552,1552.0,6.722
1553,1553.0,6.726
1554,1554.0,6.731
1555,1555.0,6.737
1556,1556.0,6.743
1557,1557.0,6.749
1558,1558.0,6.756
1559,1559.0,6.763
1560,1560.0,6.77
1561,1561.0,6.776
1562,1562.0,6.783
1563,1563.0,6.789
1564,1564.0,6.794
1565,1565.0,6.799
1566,1566.0,6.804
1567,1567.0,6.807
1568,1568.0,6.81
1569,1569.0,6.811
1570,1570.0,6.811
1571,1571.0,6.81
1572,1572.0,6.808
1573,1573.0,6.804
1574,1574.0,6.799
1575,1575.0,6.793
1576,1576.0,6.786
1577,1577.0,6.778
1578,1578.0,6.768
1579,1579.0,6.759
1580,1580.0,6.749
1581,1581.0,6.738
1582,1582.0,6.728
1583,1583.0,6.718
1584,1584.0,6.709
1585,1585.0,6.7
1586,1586.0,6.693
1587,1587.0,6.687
1588,1588.0,6.682
1589,1589.0,6.679
1590,1590.0,6.678
1591,1591.0,6.679
1592,1592.0,6.681
1593,1593.0,6.686
1594,1594.0,6.692
1595,1595.0,6.7
1596,1596.0,6.709
1597,1597.0,6.719
1598,1598.0,6.731
1599,1599.0,6.743
1600,1600.0,6.756
1601,1601.0,6.769
1602,1602.0,6.782
1603,1603.0,6.794
1604,1604.0,6.805
1605,1605.0,6.816
1606,1606.0,6.824
1607,1607.0,6.831
1608,1608.0,6.836
1609,1609.0,6.84
1610,1610.0,6.841
1611,1611.0,6.84
1612,1612.0,6.837
1613,1613.0,6.832
1614,1614.0,6.825
1615,1615.0,6.817
1616,1616.0,6.807
1617,1617.0,6.797
1618,1618.0,6.785
1619,1619.0,6.774
1620,1620.0,6.762
1621,1621.0,6.75
1622,1622.0,6.739
1623,1623.0,6.728
1624,1624.0,6.718
1625,1625.0,6.71
1626,1626.0,6.702
1627,1627.0,6.696
1628,1628.0,6.692
1629,1629.0,6.688
1630,1630.0,6.687
1631,1631.0,6.686
1632,1632.0,6.688
1633,1633.0,6.69
1634,1634.0,6.694
1635,1635.0,6.698
1636,1636.0,6.704
1637,1637.0,6.71
1638,1638.0,6.718
1639,1639.0,6.725
1640,1640.0,6.733
1641,1641.0,6.741
1642,1642.0,6.75
1643,1643.0,6.758
1644,1644.0,6.766
1645,1645.0,6.773
1646,1646.0,6.78
1647,1647.0,6.787
1648,1648.0,6.793
1649,1649.0,6.798
1650,1650.0,6.802
1651,1651.0,6.806
1652,1652.0,6.808
1653,1653.0,6.81
1654,1654.0,6.81
1655,1655.0,6.81
1656,1656.0,6.808
1657,1657.0,6.806
1658,1658.0,6.802
1659,1659.0,6.798
1660,1660.0,6.793
1661,1661.0,6.787
1662,1662.0,6.78
1663,1663.0,6.773
1664,1664.0,6.765
1665,1665.0,6.757
1666,1666.0,6.749
1667,1667.0,6.741
1668,1668.0,6.733
1669,1669.0,6.726
1670,1670.0,6.719
1671,1671.0,6.713
1672,1672.0,6.708
1673,1673.0,6.704
1674,1674.0,6.701
1675,1675.0,6.7
1676,1676.0,6.699
1677,1677.0,6.7
1678,1678.0,6.702
1679,1679.0,6.705
1680,1680.0,6.71
1681,1681.0,6.716
1682,1682.0,6.722
1683,1683.0,6.729
1684,1684.0,6.737
1685,1685.0,6.745
1686,1686.0,6.754
1687,1687.0,6.762
1688,1688.0,6.77
1689,1689.0,6.777
1690,1690.0,6.784
1691,1691.0,6.789
1692,1692.0,6.794
1693,1693.0,6.797
1694,1694.0,6.799
1695,1695.0,6.8
1696,1696.0,6.799
1697,1697.0,6.797
1698,1698.0,6.794
1699,1699.0,6.789
1700,1700.0,6.784
1701,1701.0,6.778
1702,1702.0,6.771
1703,1703.0,6.764
1704,1704.0,6.757
1705,1705.0,6.75
1706,1706.0,6.743
1707,1707.0,6.737
1708,1708.0,6.731
1709,1709.0,6.726
1710,1710.0,6.722
1711,1711.0,6.719
1712,1712.0,6.717
1713,1713.0,6.717
1714,1714.0,6.717
1715,1715.0,6.719
1716,1716.0,6.721
1717,1717.0,6.725
1718,1718.0,6.729
1719,1719.0,6.734
1720,1720.0,6.74
1721,1721.0,6.746
1722,1722.0,6.752
1723,1723.0,6.759
1724,1724.0,6.765
1725,1725.0,6.771
1726,1726.0,6.777
1727,1727.0,6.783
1728,1728.0,6.787
1729,1729.0,6.791
1730,1730.0,6.794
1731,1731.0,6.797
1732,1732.0,6.798
1733,1733.0,6.799
1734,1734.0,6.798
1735,1735.0,6.797
1736,1736.0,6.795
1737,1737.0,6.792
1738,1738.0,6.789
1739,1739.0,6.785
1740,1740.0,6.78
1741,1741.0,6.775
1742,1742.0,6.769
1743,1743.0,6.763
1744,1744.0,6.758
1745,1745.0,6.752
1746,1746.0,6.746
1747,1747.0,6.74
1748,1748.0,6.735
1749,1749.0,6.73
1750,1750.0,6.725
1751,1751.0,6.721
1752,1752.0,6.718
1753,1753.0,6.715
1754,1754.0,6.713
1755,1755.0,6.712
1756,1756.0,6.712
1757,1757.0,6.713
1758,1758.0,6.715
1759,1759.0,6.718
1760,1760.0,6.722
1761,1761.0,6.727
1762,1762.0,6.732
1763,1763.0,6.738
1764,1764.0,6.745
1765,1765.0,6.752
1766,1766.0,6.76
1767,1767.0,6.768
1768,1768.0,6.776
1769,1769.0,6.783
1770,1770.0,6.79
1771,1771.0,6.797
1772,1772.0,6.803
1773,1773.0,6.808
1774,1774.0,6.812
1775,1775.0,6.815
1776,1776.0,6.816
1777,1777.0,6.817
1778,1778.0,6.815
1779,1779.0,6.813
1780,1780.0,6.809
1781,1781.0,6.804
1782,1782.0,6.798
1783,1783.0,6.79
1784,1784.0,6.782
1785,1785.0,6.773
1786,1786.0,6.764
1787,1787.0,6.754
1788,1788.0,6.744
1789,1789.0,6.735
1790,1790.0,6.726
1791,1791.0,6.717
1792,1792.0,6.709
1793,1793.0,6.703
1794,1794.0,6.697
1795,1795.0,6.692
1796,1796.0,6.689
1797,1797.0,6.688
1798,1798.0,6.687
1799,1799.0,6.689
1800,1800.0,6.691
1801,1801.0,6.695
1802,1802.0,6.7
1803,1803.0,6.706
1804,1804.0,6.714
1805,1805.0,6.722
1806,1806.0,6.73
1807,1807.0,6.74
1808,1808.0,6.749
1809,1809.0,6.759
1810,1810.0,6.768
1811,1811.0,6.777
1812,1812.0,6.786
1813,1813.0,6.794
1814,1814.0,6.801
1815,1815.0,6.808
1816,1816.0,6.813
1817,1817.0,6.817
1818,1818.0,6.82
1819,1819.0,6.822
1820,1820.0,6.822
1821,1821.0,6.821
1822,1822.0,6.819
1823,1823.0,6.816
1824,1824.0,6.812
1825,1825.0,6.807
1826,1826.0,6.8
1827,1827.0,6.794
1828,1828.0,6.786
1829,1829.0,6.779
1830,1830.0,6.771
1831,1831.0,6.762
1832,1832.0,6.754
1833,1833.0,6.747
1834,1834.0,6.739
1835,1835.0,6.732
1836,1836.0,6.726
1837,1837.0,6.72
1838,1838.0,6.715
1839,1839.0,6.712
1840,1840.0,6.709
1841,1841.0,6.707
1842,1842.0,6.707
1843,1843.0,6.707
1844,1844.0,6.709
1845,1845.0,6.712
1846,1846.0,6.715
1847,1847.0,6.72
1848,1848.0,6.726
1849,1849.0,6.732
1850,1850.0,6.739
1851,1851.0,6.746
1852,1852.0,6.754
1853,1853.0,6.762
1854,1854.0,6.769
1855,1855.0,6.777
1856,1856.0,6.784
1857,1857.0,6.79
1858,1858.0,6.795
1859,1859.0,6.8
1860,1860.0,6.803
1861,1861.0,6.806
1862,1862.0,6.807
1863,1863.0,6.807
1864,1864.0,6.805
1865,1865.0,6.803
1866,1866.0,6.799
1867,1867.0,6.795
1868,1868.0,6.789
1869,1869.0,6.783
1870,1870.0,6.776
1871,1871.0,6.769
1872,1872.0,6.762
1873,1873.0,6.755
1874,1874.0,6.748
1875,1875.0,6.741
1876,1876.0,6.735
1877,1877.0,6.729
1878,1878.0,6.724
1879,1879.0,6.72
1880,1880.0,6.717
1881,1881.0,6.715
1882,1882.0,6.714
1883,1883.0,6.715
1884,1884.0,6.716
1885,1885.0,6.718
1886,1886.0,6.721
1887,1887.0,6.725
1888,1888.0,6.729
1889,1889.0,6.734
1890,1890.0,6.74
1891,1891.0,6.745
1892,1892.0,6.751
1893,1893.0,6.757
1894,1894.0,6.763
1895,1895.0,6.768
1896,1896.0,6.773
1897,1897.0,6.777
1898,1898.0,6.781
1899,1899.0,6.784
1900,1900.0,6.786
1901,1901.0,6.787
1902,1902.0,6.788
1903,1903.0,6.787
1904,1904.0,6.786
1905,1905.0,6.784
1906,1906.0,6.781
1907,1907.0,6.777
1908,1908.0,6.773
1909,1909.0,6.768
1910,1910.0,6.763
1911,1911.0,6.757
1912,1912.0,6.751
1913,1913.0,6.745
1914,1914.0,6.74
1915,1915.0,6.734
1916,1916.0,6.729
1917,1917.0,6.724
1918,1918.0,6.72
1919,1919.0,6.717
1920,1920.0,6.714
1921,1921.0,6.712
1922,1922.0,6.711
1923,1923.0,6.711
1924,1924.0,6.712
1925,1925.0,6.714
1926,1926.0,6.718
1927,1927.0,6.722
1928,1928.0,6.727
1929,1929.0,6.733
1930,1930.0,6.739
1931,1931.0,6.747
1932,1932.0,6.754
1933,1933.0,6.762
1934,1934.0,6.771
1935,1935.0,6.779
1936,1936.0,6.787
1937,1937.0,6.794
1938,1938.0,6.801
1939,1939.0,6.807
1940,1940.0,6.812
1941,1941.0,6.816
1942,1942.0,6.819
1943,1943.0,6.82
1944,1944.0,6.82
1945,1945.0,6.818
1946,1946.0,6.815
1947,1947.0,6.81
1948,1948.0,6.804
1949,1949.0,6.796
1950,1950.0,6.788
1951,1951.0,6.778
1952,1952.0,6.768
1953,1953.0,6.758
1954,1954.0,6.747
1955,1955.0,6.736
1956,1956.0,6.726
1957,1957.0,6.716
1958,1958.0,6.707
1959,1959.0,6.699
1960,1960.0,6.692
1961,1961.0,6.686
1962,1962.0,6.682
1963,1963.0,6.68
1964,1964.0,6.679
1965,1965.0,6.681
1966,1966.0,6.683
1967,1967.0,6.688
1968,1968.0,6.694
1969,1969.0,6.701
1970,1970.0,6.71
1971,1971.0,6.72
1972,1972.0,6.73
1973,1973.0,6.741
1974,1974.0,6.752
1975,1975.0,6.764
1976,1976.0,6.775
1977,1977.0,6.786
1978,1978.0,6.796
1979,1979.0,6.804
1980,1980.0,6.812
1981,1981.0,6.819
1982,1982.0,6.824
1983,1983.0,6.827
1984,1984.0,6.829
1985,1985.0,6.829
1986,1986.0,6.828
1987,1987.0,6.825
1988,1988.0,6.821
1989,1989.0,6.815
1990,1990.0,6.808
1991,1991.0,6.8
1992,1992.0,6.791
1993,1993.0,6.782
1994,1994.0,6.772
1995,1995.0,6.762
1996,1996.0,6.752
1997,1997.0,6.742
1998,1998.0,6.732
1999,1999.0,6.723
2000,2000.0,6.715
2001,2001.0,6.707
2002,2002.0,6.701
2003,2003.0,6.695
2004,2004.0,6.691
2005,2005.0,6.688
2006,2006.0,6.686
2007,2007.0,6.685
2008,2008.0,6.686
2009,2009.0,6.688
2010,2010.0,6.691
2011,2011.0,6.696
2012,2012.0,6.701
2013,2013.0,6.708
2014,2014.0,6.715
2015,2015.0,6.724
2016,2016.0,6.733
2017,2017.0,6.742
2018,2018.0,6.752
2019,2019.0,6.762
2020,2020.0,6.771
2021,2021.0,6.781
2022,2022.0,6.79
2023,2023.0,6.798
2024,2024.0,6.806
2025,2025.0,6.812
2026,2026.0,6.817
2027,2027.0,6.821
2028,2028.0,6.823
2029,2029.0,6.824
2030,2030.0,6.823
2031,2031.0,6.821
2032,2032.0,6.816
2033,2033.0,6.811
2034,2034.0,6.804
2035,2035.0,6.796
2036,2036.0,6.786
2037,2037.0,6.776
2038,2038.0,6.766
2039,2039.0,6.755
2040,2040.0,6.744
2041,2041.0,6.733
2042,2042.0,6.723
2043,2043.0,6.714
2044,2044.0,6.705
2045,2045.0,6.698
2046,2046.0,6.693
2047,2047.0,6.689
2048,2048.0,6.687
2049,2049.0,6.687
2050,2050.0,6.688
2051,2051.0,6.691
2052,2052.0,6.696
2053,2053.0,6.702
2054,2054.0,6.71
2055,2055.0,6.719
2056,2056.0,6.729
2057,2057.0,6.74
2058,2058.0,6.751
2059,2059.0,6.761
2060,2060.0,6.772
2061,2061.0,6.782
2062,2062.0,6.791
2063,2063.0,6.799
2064,2064.0,6.806
2065,2065.0,6.811
2066,2066.0,6.814
2067,2067.0,6.815
2068,2068.0,6.815
2069,2069.0,6.813
2070,2070.0,6.809
2071,2071.0,6.803
2072,2072.0,6.796
2073,2073.0,6.788
2074,2074.0,6.779
2075,2075.0,6.769
2076,2076.0,6.759
2077,2077.0,6.749
2078,2078.0,6.739
2079,2079.0,6.73
2080,2080.0,6.721
2081,2081.0,6.713
2082,2082.0,6.707
2083,2083.0,6.702
2084,2084.0,6.698
2085,2085.0,6.696
2086,2086.0,6.695
2087,2087.0,6.696
2088,2088.0,6.699
2089,2089.0,6.703
2090,2090.0,6.708
2091,2091.0,6.714
2092,2092.0,6.721
2093,2093.0,6.729
2094,2094.0,6.738
2095,2095.0,6.746
2096,2096.0,6.756
2097,2097.0,6.765
2098,2098.0,6.773
2099,2099.0,6.782
2100,2100.0,6.79
2101,2101.0,6.797
2102,2102.0,6.803
2103,2103.0,6.808
2104,2104.0,6.812
2105,2105.0,6.815
2106,2106.0,6.817
2107,2107.0,6.818
2108,2108.0,6.817
2109,2109.0,6.816
2110,2110.0,6.813
2111,2111.0,6.809
2112,2112.0,6.804
2113,2113.0,6.798
2114,2114.0,6.791
2115,2115.0,6.783
2116,2116.0,6.775
2117,2117.0,6.766
2118,2118.0,6.757
2119,2119.0,6.748
2120,2120.0,6.739
2121,2121.0,6.73
2122,2122.0,6.721
2123,2123.0,6.712
2124,2124.0,6.704
2125,2125.0,6.697
2126,2126.0,6.691
2127,2127.0,6.687
2128,2128.0,6.683
2129,2129.0,6.681
2130,2130.0,6.681
2131,2131.0,6.682
2132,2132.0,6.685
2133,2133.0,6.69
2134,2134.0,6.696
2135,2135.0,6.705
2136,2136.0,6.714
2137,2137.0,6.725
2138,2138.0,6.738
2139,2139.0,6.751
2140,2140.0,6.765
2141,2141.0,6.779
2142,2142.0,6.793
2143,2143.0,6.807
2144,2144.0,6.82
2145,2145.0,6.832
2146,2146.0,6.843
2147,2147.0,6.851
2148,2148.0,6.858
2149,2149.0,6.862
2150,2150.0,6.863
2151,2151.0,6.862
2152,2152.0,6.858
2153,2153.0,6.852
2154,2154.0,6.843
2155,2155.0,6.832
2156,2156.0,6.819
2157,2157.0,6.804
2158,2158.0,6.788
2159,2159.0,6.771
2160,2160.0,6.754
2161,2161.0,6.737
2162,2162.0,6.72
2163,2163.0,6.705
2164,2164.0,6.691
2165,2165.0,6.678
2166,2166.0,6.668
2167,2167.0,6.66
2168,2168.0,6.654
2169,2169.0,6.651
2170,2170.0,6.65
2171,2171.0,6.653
2172,2172.0,6.657
2173,2173.0,6.664
2174,2174.0,6.674
2175,2175.0,6.685
2176,2176.0,6.697
2177,2177.0,6.711
2178,2178.0,6.726
2179,2179.0,6.741
2180,2180.0,6.757
2181,2181.0,6.772
2182,2182.0,6.786
2183,2183.0,6.799
2184,2184.0,6.811
2185,2185.0,6.821
2186,2186.0,6.83
2187,2187.0,6.836
2188,2188.0,6.841
2189,2189.0,6.843
2190,2190.0,6.843
2191,2191.0,6.842
2192,2192.0,6.838
2193,2193.0,6.833
2194,2194.0,6.826
2195,2195.0,6.818
2196,2196.0,6.809
2197,2197.0,6.8
2198,2198.0,6.79
2199,2199.0,6.779
2200,2200.0,6.769
2201,2201.0,6.759
2202,2202.0,6.749
2203,2203.0,6.74
2204,2204.0,6.732
2205,2205.0,6.724
2206,2206.0,6.718
2207,2207.0,6.712
2208,2208.0,6.707
2209,2209.0,6.704
2210,2210.0,6.702
2211,2211.0,6.701
2212,2212.0,6.701
2213,2213.0,6.702
2214,2214.0,6.704
2215,2215.0,6.707
2216,2216.0,6.712
2217,2217.0,6.717
2218,2218.0,6.723
2219,2219.0,6.73
2220,2220.0,6.737
2221,2221.0,6.746
2222,2222.0,6.754
2223,2223.0,6.763
2224,2224.0,6.772
2225,2225.0,6.781
2226,2226.0,6.79
2227,2227.0,6.798
2228,2228.0,6.805
2229,2229.0,6.812
2230,2230.0,6.817
2231,2231.0,6.822
2232,2232.0,6.825
2233,2233.0,6.826
2234,2234.0,6.826
2235,2235.0,6.823
2236,2236.0,6.819
2237,2237.0,6.814
2238,2238.0,6.807
2239,2239.0,6.798
2240,2240.0,6.788
2241,2241.0,6.777
2242,2242.0,6.765
2243,2243.0,6.753
2244,2244.0,6.74
2245,2245.0,6.728
2246,2246.0,6.717
2247,2247.0,6.706
2248,2248.0,6.697
2249,2249.0,6.689
2250,2250.0,6.683
2251,2251.0,6.679
2252,2252.0,6.677
2253,2253.0,6.678
2254,2254.0,6.681
2255,2255.0,6.686
2256,2256.0,6.693
2257,2257.0,6.703
2258,2258.0,6.714
2259,2259.0,6.727
2260,2260.0,6.741
2261,2261.0,6.755
2262,2262.0,6.77
2263,2263.0,6.786
2264,2264.0,6.8
2265,2265.0,6.814
2266,2266.0,6.826
2267,2267.0,6.836
2268,2268.0,6.845
2269,2269.0,6.85
2270,2270.0,6.853
2271,2271.0,6.854
2272,2272.0,6.851
2273,2273.0,6.846
2274,2274.0,6.839
2275,2275.0,6.829
2276,2276.0,6.817
2277,2277.0,6.803
2278,2278.0,6.788
2279,2279.0,6.772
2280,2280.0,6.756
2281,2281.0,6.74
2282,2282.0,6.724
2283,2283.0,6.709
2284,2284.0,6.696
2285,2285.0,6.684
2286,2286.0,6.674
2287,2287.0,6.667
2288,2288.0,6.661
2289,2289.0,6.658
2290,2290.0,6.657
2291,2291.0,6.659
2292,2292.0,6.663
2293,2293.0,6.669
2294,2294.0,6.678
2295,2295.0,6.688
2296,2296.0,6.699
2297,2297.0,6.712
2298,2298.0,6.725
2299,2299.0,6.739
2300,2300.0,6.753
2301,2301.0,6.767
2302,2302.0,6.781
2303,2303.0,6.794
2304,2304.0,6.806
2305,2305.0,6.817
2306,2306.0,6.827
2307,2307.0,6.835
2308,2308.0,6.841
2309,2309.0,6.846
2310,2310.0,6.848
2311,2311.0,6.849
2312,2312.0,6.848
2313,2313.0,6.846
2314,2314.0,6.841
2315,2315.0,6.836
2316,2316.0,6.828
2317,2317.0,6.82
2318,2318.0,6.81
2319,2319.0,6.8
2320,2320.0,6.789
2321,2321.0,6.777
2322,2322.0,6.765
2323,2323.0,6.752
2324,2324.0,6.74
2325,2325.0,6.728
2326,2326.0,6.717
2327,2327.0,6.706
2328,2328.0,6.696
2329,2329.0,6.688
2330,2330.0,6.68
2331,2331.0,6.674
2332,2332.0,6.669
2333,2333.0,6.666
2334,2334.0,6.665
2335,2335.0,6.666
2336,2336.0,6.669
2337,2337.0,6.673
2338,2338.0,6.68
2339,2339.0,6.688
2340,2340.0,6.698
2341,2341.0,6.71
2342,2342.0,6.723
2343,2343.0,6.737
2344,2344.0,6.751
2345,2345.0,6.767
2346,2346.0,6.782
2347,2347.0,6.797
2348,2348.0,6.811
2349,2349.0,6.825
2350,2350.0,6.836
2351,2351.0,6.847
2352,2352.0,6.854
2353,2353.0,6.86
2354,2354.0,6.863
2355,2355.0,6.863
2356,2356.0,6.861
2357,2357.0,6.856
2358,2358.0,6.848
2359,2359.0,6.838
2360,2360.0,6.825
2361,2361.0,6.811
2362,2362.0,6.796
2363,2363.0,6.779
2364,2364.0,6.762
2365,2365.0,6.745
2366,2366.0,6.728
2367,2367.0,6.713
2368,2368.0,6.698
2369,2369.0,6.686
2370,2370.0,6.675
2371,2371.0,6.666
2372,2372.0,6.66
2373,2373.0,6.657
2374,2374.0,6.656
2375,2375.0,6.658
2376,2376.0,6.663
2377,2377.0,6.67
2378,2378.0,6.679
2379,2379.0,6.69
2380,2380.0,6.703
2381,2381.0,6.717
2382,2382.0,6.731
2383,2383.0,6.746
2384,2384.0,6.762
2385,2385.0,6.776
2386,2386.0,6.79
2387,2387.0,6.803
2388,2388.0,6.813
2389,2389.0,6.822
2390,2390.0,6.829
2391,2391.0,6.834
2392,2392.0,6.836
2393,2393.0,6.836
2394,2394.0,6.833
2395,2395.0,6.829
2396,2396.0,6.822
2397,2397.0,6.813
2398,2398.0,6.804
2399,2399.0,6.793
2400,2400.0,6.781
2401,2401.0,6.769
2402,2402.0,6.757
2403,2403.0,6.745
2404,2404.0,6.733
2405,2405.0,6.722
2406,2406.0,6.713
2407,2407.0,6.705
2408,2408.0,6.698
2409,2409.0,6.692
2410,2410.0,6.689
2411,2411.0,6.686
2412,2412.0,6.686
2413,2413.0,6.687
2414,2414.0,6.69
2415,2415.0,6.694
2416,2416.0,6.699
2417,2417.0,6.706
2418,2418.0,6.713
2419,2419.0,6.722
2420,2420.0,6.731
2421,2421.0,6.74
2422,2422.0,6.75
2423,2423.0,6.76
2424,2424.0,6.769
2425,2425.0,6.779
2426,2426.0,6.788
2427,2427.0,6.796
2428,2428.0,6.803
2429,2429.0,6.809
2430,2430.0,6.815
2431,2431.0,6.819
2432,2432.0,6.821
2433,2433.0,6.823
2434,2434.0,6.822
2435,2435.0,6.821
2436,2436.0,6.817
2437,2437.0,6.813
2438,2438.0,6.807
2439,2439.0,6.799
2440,2440.0,6.791
2441,2441.0,6.781
2442,2442.0,6.77
2443,2443.0,6.759
2444,2444.0,6.747
2445,2445.0,6.735
2446,2446.0,6.723
2447,2447.0,6.712
2448,2448.0,6.701
2449,2449.0,6.691
2450,2450.0,6.682
2451,2451.0,6.674
2452,2452.0,6.668
2453,2453.0,6.664
2454,2454.0,6.662
2455,2455.0,6.662
2456,2456.0,6.665
2457,2457.0,6.669
2458,2458.0,6.676
2459,2459.0,6.685
2460,2460.0,6.695
2461,2461.0,6.708
2462,2462.0,6.722
2463,2463.0,6.737
2464,2464.0,6.754
2465,2465.0,6.77
2466,2466.0,6.787
2467,2467.0,6.803
2468,2468.0,6.819
2469,2469.0,6.833
2470,2470.0,6.846
2471,2471.0,6.856
2472,2472.0,6.865
2473,2473.0,6.87
2474,2474.0,6.873
2475,2475.0,6.873
2476,2476.0,6.869
2477,2477.0,6.863
2478,2478.0,6.854
2479,2479.0,6.842
2480,2480.0,6.829
2481,2481.0,6.813
2482,2482.0,6.797
2483,2483.0,6.779
2484,2484.0,6.76
2485,2485.0,6.742
2486,2486.0,6.724
2487,2487.0,6.708
2488,2488.0,6.692
2489,2489.0,6.679
2490,2490.0,6.667
2491,2491.0,6.658
2492,2492.0,6.651
2493,2493.0,6.647
2494,2494.0,6.645
2495,2495.0,6.647
2496,2496.0,6.65
2497,2497.0,6.657
2498,2498.0,6.665
2499,2499.0,6.676
2500,2500.0,6.689
2501,2501.0,6.703
2502,2502.0,6.718
2503,2503.0,6.733
2504,2504.0,6.749
2505,2505.0,6.765
2506,2506.0,6.78
2507,2507.0,6.794
2508,2508.0,6.808
2509,2509.0,6.819
2510,2510.0,6.829
2511,2511.0,6.837
2512,2512.0,6.843
2513,2513.0,6.847
2514,2514.0,6.848
2515,2515.0,6.847
2516,2516.0,6.845
2517,2517.0,6.84
2518,2518.0,6.834
2519,2519.0,6.826
2520,2520.0,6.817
2521,2521.0,6.807
2522,2522.0,6.796
2523,2523.0,6.784
2524,2524.0,6.772
2525,2525.0,6.761
2526,2526.0,6.749
2527,2527.0,6.738
2528,2528.0,6.728
2529,2529.0,6.718
2530,2530.0,6.709
2531,2531.0,6.702
2532,2532.0,6.696
2533,2533.0,6.691
2534,2534.0,6.687
2535,2535.0,6.685
2536,2536.0,6.684
2537,2537.0,6.685
2538,2538.0,6.687
2539,2539.0,6.691
2540,2540.0,6.696
2541,2541.0,6.702
2542,2542.0,6.709
2543,2543.0,6.717
2544,2544.0,6.726
2545,2545.0,6.736
2546,2546.0,6.746
2547,2547.0,6.756
2548,2548.0,6.767
2549,2549.0,6.777
2550,2550.0,6.787
2551,2551.0,6.796
2552,2552.0,6.804
2553,2553.0,6.811
2554,2554.0,6.817
2555,2555.0,6.821
2556,2556.0,6.824
2557,2557.0,6.825
2558,2558.0,6.824
2559,2559.0,6.821
2560,2560.0,6.816
2561,2561.0,6.81
2562,2562.0,6.802
2563,2563.0,6.793
2564,2564.0,6.782
2565,2565.0,6.771
2566,2566.0,6.759
2567,2567.0,6.747
2568,2568.0,6.735
2569,2569.0,6.724
2570,2570.0,6.713
2571,2571.0,6.704
2572,2572.0,6.696
2573,2573.0,6.689
2574,2574.0,6.684
2575,2575.0,6.681
2576,2576.0,6.681
2577,2577.0,6.682
2578,2578.0,6.686
2579,2579.0,6.691
2580,2580.0,6.699
2581,2581.0,6.708
2582,2582.0,6.719
2583,2583.0,6.732
2584,2584.0,6.745
2585,2585.0,6.759
2586,2586.0,6.773
2587,2587.0,6.787
2588,2588.0,6.8
2589,2589.0,6.812
2590,2590.0,6.823
2591,2591.0,6.832
2592,2592.0,6.839
2593,2593.0,6.844
2594,2594.0,6.847
2595,2595.0,6.847
2596,2596.0,6.844
2597,2597.0,6.84
2598,2598.0,6.833
2599,2599.0,6.824
2600,2600.0,6.813
2601,2601.0,6.8
2602,2602.0,6.787
2603,2603.0,6.773
2604,2604.0,6.758
2605,2605.0,6.743
2606,2606.0,6.729
2607,2607.0,6.716
2608,2608.0,6.704
2609,2609.0,6.693
2610,2610.0,6.684
2611,2611.0,6.676
2612,2612.0,6.671
2613,2613.0,6.668
2614,2614.0,6.667
2615,2615.0,6.668
2616,2616.0,6.672
2617,2617.0,6.677
2618,2618.0,6.684
2619,2619.0,6.693
2620,2620.0,6.703
2621,2621.0,6.714
2622,2622.0,6.727
2623,2623.0,6.74
2624,2624.0,6.753
2625,2625.0,6.766
2626,2626.0,6.78
2627,2627.0,6.792
2628,2628.0,6.804
2629,2629.0,6.815
2630,2630.0,6.824
2631,2631.0,6.832
2632,2632.0,6.838
2633,2633.0,6.843
2634,2634.0,6.846
2635,2635.0,6.847
2636,2636.0,6.846
2637,2637.0,6.843
2638,2638.0,6.838
2639,2639.0,6.832
2640,2640.0,6.825
2641,2641.0,6.816
2642,2642.0,6.806
2643,2643.0,6.795
2644,2644.0,6.783
2645,2645.0,6.771
2646,2646.0,6.758
2647,2647.0,6.746
2648,2648.0,6.733
2649,2649.0,6.721
2650,2650.0,6.71
2651,2651.0,6.7
2652,2652.0,6.691
2653,2653.0,6.683
2654,2654.0,6.677
2655,2655.0,6.672
2656,2656.0,6.669
2657,2657.0,6.668
2658,2658.0,6.669
2659,2659.0,6.672
2660,2660.0,6.676
2661,2661.0,6.683
2662,2662.0,6.691
2663,2663.0,6.7
2664,2664.0,6.711
2665,2665.0,6.723
2666,2666.0,6.736
2667,2667.0,6.749
2668,2668.0,6.763
2669,2669.0,6.776
2670,2670.0,6.79
2671,2671.0,6.802
2672,2672.0,6.814
2673,2673.0,6.824
2674,2674.0,6.833
2675,2675.0,6.84
2676,2676.0,6.845
2677,2677.0,6.848
2678,2678.0,6.849
2679,2679.0,6.847
2680,2680.0,6.843
2681,2681.0,6.838
2682,2682.0,6.83
2683,2683.0,6.821
2684,2684.0,6.81
2685,2685.0,6.798
2686,2686.0,6.785
2687,2687.0,6.772
2688,2688.0,6.758
2689,2689.0,6.745
2690,2690.0,6.732
2691,2691.0,6.72
2692,2692.0,6.709
2693,2693.0,6.7
2694,2694.0,6.692
2695,2695.0,6.686
2696,2696.0,6.681
2697,2697.0,6.679
2698,2698.0,6.679
2699,2699.0,6.681
2700,2700.0,6.684
2701,2701.0,6.689
2702,2702.0,6.696
2703,2703.0,6.705
2704,2704.0,6.714
2705,2705.0,6.725
2706,2706.0,6.736
2707,2707.0,6.747
2708,2708.0,6.759
2709,2709.0,6.77
2710,2710.0,6.78
2711,2711.0,6.79
2712,2712.0,6.798
2713,2713.0,6.806
2714,2714.0,6.812
2715,2715.0,6.816
2716,2716.0,6.818
2717,2717.0,6.819
2718,2718.0,6.818
2719,2719.0,6.815
2720,2720.0,6.811
2721,2721.0,6.805
2722,2722.0,6.798
2723,2723.0,6.79
2724,2724.0,6.781
2725,2725.0,6.772
2726,2726.0,6.762
2727,2727.0,6.752
2728,2728.0,6.742
2729,2729.0,6.733
2730,2730.0,6.725
2731,2731.0,6.717
2732,2732.0,6.71
2733,2733.0,6.705
2734,2734.0,6.701
2735,2735.0,6.698
2736,2736.0,6.697
2737,2737.0,6.697
2738,2738.0,6.699
2739,2739.0,6.702
2740,2740.0,6.706
2741,2741.0,6.712
2742,2742.0,6.718
2743,2743.0,6.726
2744,2744.0,6.734
2745,2745.0,6.743
2746,2746.0,6.753
2747,2747.0,6.762
2748,2748.0,6.771
2749,2749.0,6.78
2750,2750.0,6.789
2751,2751.0,6.796
2752,2752.0,6.803
2753,2753.0,6.808
2754,2754.0,6.812
2755,2755.0,6.815
2756,2756.0,6.816
2757,2757.0,6.816
2758,2758.0,6.814
2759,2759.0,6.81
2760,2760.0,6.806
2761,2761.0,6.799
2762,2762.0,6.792
2763,2763.0,6.784
2764,2764.0,6.775
2765,2765.0,6.765
2766,2766.0,6.755
2767,2767.0,6.744
2768,2768.0,6.734
2769,2769.0,6.724
2770,2770.0,6.715
2771,2771.0,6.707
2772,2772.0,6.699
2773,2773.0,6.693
2774,2774.0,6.688
2775,2775.0,6.685
2776,2776.0,6.683
2777,2777.0,6.683
2778,2778.0,6.684
2779,2779.0,6.687
2780,2780.0,6.691
2781,2781.0,6.697
2782,2782.0,6.704
2783,2783.0,6.713
2784,2784.0,6.722
2785,2785.0,6.732
2786,2786.0,6.743
2787,2787.0,6.754
2788,2788.0,6.766
2789,2789.0,6.777
2790,2790.0,6.787
2791,2791.0,6.798
2792,2792.0,6.807
2793,2793.0,6.815
2794,2794.0,6.822
2795,2795.0,6.828
2796,2796.0,6.831
2797,2797.0,6.834
2798,2798.0,6.834
2799,2799.0,6.833
2800,2800.0,6.829
2801,2801.0,6.824
2802,2802.0,6.818
2803,2803.0,6.81
2804,2804.0,6.801
2805,2805.0,6.791
2806,2806.0,6.78
2807,2807.0,6.768
2808,2808.0,6.756
2809,2809.0,6.744
2810,2810.0,6.732
2811,2811.0,6.721
2812,2812.0,6.71
2813,2813.0,6.701
2814,2814.0,6.692
2815,2815.0,6.685
2816,2816.0,6.679
2817,2817.0,6.675
2818,2818.0,6.673
2819,2819.0,6.672
2820,2820.0,6.673
2821,2821.0,6.676
2822,2822.0,6.68
2823,2823.0,6.687
2824,2824.0,6.694
2825,2825.0,6.703
2826,2826.0,6.713
2827,2827.0,6.724
2828,2828.0,6.736
2829,2829.0,6.747
2830,2830.0,6.759
2831,2831.0,6.771
2832,2832.0,6.783
2833,2833.0,6.793
2834,2834.0,6.803
2835,2835.0,6.811
2836,2836.0,6.819
2837,2837.0,6.824
2838,2838.0,6.828
2839,2839.0,6.83
2840,2840.0,6.83
2841,2841.0,6.828
2842,2842.0,6.825
2843,2843.0,6.82
2844,2844.0,6.813
2845,2845.0,6.805
2846,2846.0,6.797
2847,2847.0,6.787
2848,2848.0,6.776
2849,2849.0,6.766
2850,2850.0,6.755
2851,2851.0,6.745
2852,2852.0,6.735
2853,2853.0,6.725
2854,2854.0,6.717
2855,2855.0,6.709
2856,2856.0,6.703
2857,2857.0,6.699
2858,2858.0,6.696
2859,2859.0,6.694
2860,2860.0,6.693
2861,2861.0,6.695
2862,2862.0,6.697
2863,2863.0,6.701
2864,2864.0,6.706
2865,2865.0,6.712
2866,2866.0,6.719
2867,2867.0,6.726
2868,2868.0,6.734
2869,2869.0,6.742
2870,2870.0,6.75
2871,2871.0,6.758
2872,2872.0,6.766
2873,2873.0,6.773
2874,2874.0,6.779
2875,2875.0,6.784
2876,2876.0,6.788
2877,2877.0,6.791
2878,2878.0,6.793
2879,2879.0,6.794
2880,2880.0,6.794
2881,2881.0,6.793
2882,2882.0,6.79
2883,2883.0,6.787
2884,2884.0,6.783
2885,2885.0,6.779
2886,2886.0,6.773
2887,2887.0,6.768
2888,2888.0,6.762
2889,2889.0,6.756
2890,2890.0,6.75
2891,2891.0,6.744
2892,2892.0,6.739
2893,2893.0,6.734
2894,2894.0,6.73
2895,2895.0,6.726
2896,2896.0,6.723
2897,2897.0,6.721
2898,2898.0,6.719
2899,2899.0,6.719
2900,2900.0,6.719
2901,2901.0,6.72
2902,2902.0,6.722
2903,2903.0,6.724
2904,2904.0,6.727
2905,2905.0,6.731
2906,2906.0,6.736
2907,2907.0,6.74
2908,2908.0,6.746
2909,2909.0,6.751
2910,2910.0,6.757
2911,2911.0,6.762
2912,2912.0,6.768
2913,2913.0,6.773
2914,2914.0,6.778
2915,2915.0,6.783
2916,2916.0,6.787
2917,2917.0,6.79
2918,2918.0,6.792
2919,2919.0,6.794
2920,2920.0,6.794
2921,2921.0,6.794
2922,2922.0,6.793
2923,2923.0,6.79
2924,2924.0,6.787
2925,2925.0,6.783
2926,2926.0,6.778
2927,2927.0,6.772
2928,2928.0,6.765
2929,2929.0,6.758
2930,2930.0,6.751
2931,2931.0,6.744
2932,2932.0,6.736
2933,2933.0,6.729
2934,2934.0,6.722
2935,2935.0,6.716
2936,2936.0,6.711
2937,2937.0,6.707
2938,2938.0,6.703
2939,2939.0,6.701
2940,2940.0,6.701
2941,2941.0,6.701
2942,2942.0,6.703
2943,2943.0,6.707
2944,2944.0,6.711
2945,2945.0,6.717
2946,2946.0,6.725
2947,2947.0,6.733
2948,2948.0,6.742
2949,2949.0,6.751
2950,2950.0,6.761
2951,2951.0,6.772
2952,2952.0,6.781
2953,2953.0,6.791
2954,2954.0,6.8
2955,2955.0,6.808
2956,2956.0,6.815
2957,2957.0,6.82
2958,2958.0,6.824
2959,2959.0,6.827
2960,2960.0,6.828
2961,2961.0,6.827
2962,2962.0,6.824
2963,2963.0,6.82
2964,2964.0,6.814
2965,2965.0,6.807
2966,2966.0,6.799
2967,2967.0,6.79
2968,2968.0,6.78
2969,2969.0,6.77
2970,2970.0,6.76
2971,2971.0,6.749
2972,2972.0,6.74
2973,2973.0,6.73
2974,2974.0,6.722
2975,2975.0,6.714
2976,2976.0,6.708
2977,2977.0,6.702
2978,2978.0,6.698
2979,2979.0,6.696
2980,2980.0,6.695
2981,2981.0,6.695
2982,2982.0,6.696
2983,2983.0,6.699
2984,2984.0,6.703
2985,2985.0,6.707
2986,2986.0,6.713
2987,2987.0,6.719
2988,2988.0,6.726
2989,2989.0,6.733
2990,2990.0,6.741
2991,2991.0,6.748
2992,2992.0,6.755
2993,2993.0,6.762
2994,2994.0,6.769
2995,2995.0,6.775
2996,2996.0,6.78
2997,2997.0,6.785
2998,2998.0,6.79
2999,2999.0,6.793
3000,3000.0,6.796
3001,3001.0,6.797
3002,3002.0,6.799
3003,3003.0,6.799
3004,3004.0,6.799
3005,3005.0,6.798
3006,3006.0,6.796
3007,3007.0,6.794
3008,3008.0,6.791
3009,3009.0,6.788
3010,3010.0,6.784
3011,3011.0,6.78
3012,3012.0,6.775
3013,3013.0,6.771
3014,3014.0,6.765
3015,3015.0,6.76
3016,3016.0,6.755
3017,3017.0,6.75
3018,3018.0,6.745
3019,3019.0,6.74
3020,3020.0,6.735
3021,3021.0,6.73
3022,3022.0,6.727
3023,3023.0,6.723
3024,3024.0,6.72
3025,3025.0,6.718
3026,3026.0,6.717
3027,3027.0,6.716
3028,3028.0,6.717
3029,3029.0,6.718
3030,3030.0,6.72
3031,3031.0,6.723
3032,3032.0,6.727
3033,3033.0,6.732
3034,3034.0,6.737
3035,3035.0,6.743
3036,3036.0,6.749
3037,3037.0,6.756
3038,3038.0,6.762
3039,3039.0,6.769
3040,3040.0,6.775
3041,3041.0,6.781
3042,3042.0,6.787
3043,3043.0,6.791
3044,3044.0,6.795
3045,3045.0,6.798
3046,3046.0,6.799
3047,3047.0,6.8
3048,3048.0,6.799
3049,3049.0,6.797
3050,3050.0,6.794
3051,3051.0,6.79
3052,3052.0,6.785
3053,3053.0,6.78
3054,3054.0,6.774
3055,3055.0,6.768
3056,3056.0,6.761
3057,3057.0,6.755
3058,3058.0,6.749
3059,3059.0,6.744
3060,3060.0,6.739
3061,3061.0,6.735
3062,3062.0,6.732
3063,3063.0,6.73
3064,3064.0,6.729
3065,3065.0,6.73
3066,3066.0,6.731
3067,3067.0,6.734
3068,3068.0,6.737
3069,3069.0,6.741
3070,3070.0,6.745
3071,3071.0,6.75
3072,3072.0,6.756
3073,3073.0,6.761
3074,3074.0,6.766
3075,3075.0,6.771
3076,3076.0,6.775
3077,3077.0,6.779
3078,3078.0,6.782
3079,3079.0,6.784
3080,3080.0,6.785
3081,3081.0,6.785
3082,3082.0,6.784
3083,3083.0,6.782
3084,3084.0,6.779
3085,3085.0,6.776
3086,3086.0,6.772
3087,3087.0,6.768
3088,3088.0,6.763
3089,3089.0,6.758
3090,3090.0,6.753
3091,3091.0,6.748
3092,3092.0,6.744
3093,3093.0,6.74
3094,3094.0,6.736
3095,3095.0,6.734
3096,3096.0,6.731
3097,3097.0,6.73
3098,3098.0,6.729
3099,3099.0,6.728
3100,3100.0,6.728
3101,3101.0,6.729
3102,3102.0,6.731
3103,3103.0,6.732
3104,3104.0,6.734
3105,3105.0,6.737
3106,3106.0,6.739
3107,3107.0,6.742
3108,3108.0,6.744
3109,3109.0,6.746
3110,3110.0,6.749
3111,3111.0,6.751
3112,3112.0,6.753
3113,3113.0,6.756
3114,3114.0,6.758
3115,3115.0,6.76
3116,3116.0,6.762
3117,3117.0,6.764
3118,3118.0,6.766
3119,3119.0,6.768
3120,3120.0,6.77
3121,3121.0,6.772
3122,3122.0,6.774
3123,3123.0,6.776
3124,3124.0,6.778
3125,3125.0,6.78
3126,3126.0,6.781
3127,3127.0,6.783
3128,3128.0,6.783
3129,3129.0,6.784
3130,3130.0,6.784
3131,3131.0,6.783
3132,3132.0,6.781
3133,3133.0,6.779
3134,3134.0,6.776
3135,3135.0,6.772
3136,3136.0,6.768
3137,3137.0,6.763
3138,3138.0,6.757
3139,3139.0,6.751
3140,3140.0,6.745
3141,3141.0,6.738
3142,3142.0,6.732
3143,3143.0,6.726
3144,3144.0,6.72
3145,3145.0,6.715
3146,3146.0,6.711
3147,3147.0,6.707
3148,3148.0,6.705
3149,3149.0,6.705
3150,3150.0,6.705
3151,3151.0,6.707
3152,3152.0,6.71
3153,3153.0,6.715
3154,3154.0,6.72
3155,3155.0,6.727
3156,3156.0,6.735
3157,3157.0,6.743
3158,3158.0,6.752
3159,3159.0,6.761
3160,3160.0,6.771
3161,3161.0,6.779
3162,3162.0,6.788
3163,3163.0,6.795
3164,3164.0,6.801
3165,3165.0,6.806
3166,3166.0,6.81
3167,3167.0,6.813
3168,3168.0,6.814
3169,3169.0,6.813
3170,3170.0,6.811
3171,3171.0,6.808
3172,3172.0,6.803
3173,3173.0,6.798
3174,3174.0,6.791
3175,3175.0,6.784
3176,3176.0,6.777
3177,3177.0,6.769
3178,3178.0,6.762
3179,3179.0,6.754
3180,3180.0,6.747
3181,3181.0,6.741
3182,3182.0,6.735
3183,3183.0,6.731
3184,3184.0,6.727
3185,3185.0,6.724
3186,3186.0,6.722
3187,3187.0,6.72
3188,3188.0,6.72
3189,3189.0,6.72
3190,3190.0,6.721
3191,3191.0,6.722
3192,3192.0,6.723
3193,3193.0,6.725
3194,3194.0,6.727
3195,3195.0,6.73
3196,3196.0,6.732
3197,3197.0,6.734
3198,3198.0,6.736
3199,3199.0,6.738
3200,3200.0,6.74
3201,3201.0,6.742
3202,3202.0,6.743
3203,3203.0,6.745
3204,3204.0,6.747
3205,3205.0,6.749
3206,3206.0,6.751
3207,3207.0,6.753
3208,3208.0,6.756
3209,3209.0,6.759
3210,3210.0,6.761
3211,3211.0,6.764
3212,3212.0,6.768
3213,3213.0,6.771
3214,3214.0,6.774
3215,3215.0,6.777
3216,3216.0,6.779
3217,3217.0,6.781
3218,3218.0,6.783
3219,3219.0,6.784
3220,3220.0,6.784
3221,3221.0,6.784
3222,3222.0,6.782
3223,3223.0,6.78
3224,3224.0,6.777
3225,3225.0,6.773
3226,3226.0,6.768
3227,3227.0,6.763
3228,3228.0,6.757
3229,3229.0,6.752
3230,3230.0,6.745
3231,3231.0,6.739
3232,3232.0,6.734
3233,3233.0,6.729
3234,3234.0,6.724
3235,3235.0,6.721
3236,3236.0,6.718
3237,3237.0,6.716
3238,3238.0,6.716
3239,3239.0,6.716
3240,3240.0,6.718
3241,3241.0,6.721
3242,3242.0,6.725
3243,3243.0,6.73
3244,3244.0,6.735
3245,3245.0,6.742
3246,3246.0,6.748
3247,3247.0,6.754
3248,3248.0,6.761
3249,3249.0,6.767
3250,3250.0,6.772
3251,3251.0,6.777
3252,3252.0,6.781
3253,3253.0,6.783
3254,3254.0,6.785
3255,3255.0,6.785
3256,3256.0,6.784
3257,3257.0,6.782
3258,3258.0,6.778
3259,3259.0,6.774
3260,3260.0,6.769
3261,3261.0,6.764
3262,3262.0,6.758
3263,3263.0,6.752
3264,3264.0,6.746
3265,3265.0,6.74
3266,3266.0,6.735
3267,3267.0,6.73
3268,3268.0,6.727
3269,3269.0,6.724
3270,3270.0,6.722
3271,3271.0,6.722
3272,3272.0,6.722
3273,3273.0,6.724
3274,3274.0,6.726
3275,3275.0,6.73
3276,3276.0,6.734
3277,3277.0,6.739
3278,3278.0,6.743
3279,3279.0,6.749
3280,3280.0,6.754
3281,3281.0,6.759
3282,3282.0,6.764
3283,3283.0,6.768
3284,3284.0,6.772
3285,3285.0,6.775
3286,3286.0,6.777
3287,3287.0,6.779
3288,3288.0,6.78
3289,3289.0,6.78
3290,3290.0,6.779
3291,3291.0,6.778
3292,3292.0,6.776
3293,3293.0,6.774
3294,3294.0,6.771
3295,3295.0,6.768
3296,3296.0,6.765
3297,3297.0,6.762
3298,3298.0,6.759
3299,3299.0,6.756
3300,3300.0,6.754
3301,3301.0,6.751
3302,3302.0,6.748
3303,3303.0,6.746
3304,3304.0,6.744
3305,3305.0,6.742
3306,3306.0,6.74
3307,3307.0,6.738
3308,3308.0,6.737
3309,3309.0,6.735
3310,3310.0,6.733
3311,3311.0,6.732
3312,3312.0,6.73
3313,3313.0,6.729
3314,3314.0,6.727
3315,3315.0,6.726
3316,3316.0,6.726
3317,3317.0,6.725
3318,3318.0,6.725
3319,3319.0,6.725
3320,3320.0,6.726
3321,3321.0,6.728
3322,3322.0,6.73
3323,3323.0,6.734
3324,3324.0,6.737
3325,3325.0,6.742
3326,3326.0,6.748
3327,3327.0,6.754
3328,3328.0,6.76
3329,3329.0,6.767
3330,3330.0,6.775
3331,3331.0,6.782
3332,3332.0,6.789
3333,3333.0,6.796
3334,3334.0,6.802
3335,3335.0,6.808
3336,3336.0,6.812
3337,3337.0,6.815
3338,3338.0,6.817
3339,3339.0,6.817
3340,3340.0,6.816
3341,3341.0,6.813
3342,3342.0,6.808
3343,3343.0,6.803
3344,3344.0,6.795
3345,3345.0,6.787
3346,3346.0,6.777
3347,3347.0,6.767
3348,3348.0,6.756
3349,3349.0,6.745
3350,3350.0,6.735
3351,3351.0,6.724
3352,3352.0,6.715
3353,3353.0,6.706
3354,3354.0,6.699
3355,3355.0,6.693
3356,3356.0,6.688
3357,3357.0,6.685
3358,3358.0,6.684
3359,3359.0,6.685
3360,3360.0,6.688
3361,3361.0,6.692
3362,3362.0,6.698
3363,3363.0,6.704
3364,3364.0,6.713
3365,3365.0,6.722
3366,3366.0,6.731
3367,3367.0,6.742
3368,3368.0,6.752
3369,3369.0,6.762
3370,3370.0,6.771
3371,3371.0,6.78
3372,3372.0,6.788
3373,3373.0,6.795
3374,3374.0,6.801
3375,3375.0,6.805
3376,3376.0,6.808
3377,3377.0,6.809
3378,3378.0,6.81
3379,3379.0,6.808
3380,3380.0,6.806
3381,3381.0,6.802
3382,3382.0,6.798
3383,3383.0,6.793
3384,3384.0,6.787
3385,3385.0,6.78
3386,3386.0,6.774
3387,3387.0,6.768
3388,3388.0,6.761
3389,3389.0,6.755
3390,3390.0,6.749
3391,3391.0,6.744
3392,3392.0,6.739
3393,3393.0,6.734
3394,3394.0,6.73
3395,3395.0,6.727
3396,3396.0,6.725
3397,3397.0,6.723
3398,3398.0,6.721
3399,3399.0,6.72
3400,3400.0,6.72
3401,3401.0,6.72
3402,3402.0,6.721
3403,3403.0,6.722
3404,3404.0,6.723
3405,3405.0,6.725
3406,3406.0,6.727
3407,3407.0,6.73
3408,3408.0,6.733
3409,3409.0,6.737
3410,3410.0,6.74
3411,3411.0,6.744
3412,3412.0,6.749
3413,3413.0,6.753
3414,3414.0,6.758
3415,3415.0,6.763
3416,3416.0,6.768
3417,3417.0,6.773
3418,3418.0,6.777
3419,3419.0,6.782
3420,3420.0,6.785
3421,3421.0,6.789
3422,3422.0,6.791
3423,3423.0,6.793
3424,3424.0,6.794
3425,3425.0,6.794
3426,3426.0,6.793
3427,3427.0,6.791
3428,3428.0,6.788
3429,3429.0,6.784
3430,3430.0,6.779
3431,3431.0,6.774
3432,3432.0,6.768
3433,3433.0,6.761
3434,3434.0,6.754
3435,3435.0,6.748
3436,3436.0,6.741
3437,3437.0,6.735
3438,3438.0,6.729
3439,3439.0,6.724
3440,3440.0,6.721
3441,3441.0,6.718
3442,3442.0,6.717
3443,3443.0,6.716
3444,3444.0,6.718
3445,3445.0,6.721
3446,3446.0,6.725
3447,3447.0,6.73
3448,3448.0,6.736
3449,3449.0,6.743
3450,3450.0,6.751
3451,3451.0,6.759
3452,3452.0,6.768
3453,3453.0,6.776
3454,3454.0,6.784
3455,3455.0,6.791
3456,3456.0,6.798
3457,3457.0,6.803
3458,3458.0,6.807
3459,3459.0,6.809
3460,3460.0,6.81
3461,3461.0,6.809
3462,3462.0,6.807
3463,3463.0,6.803
3464,3464.0,6.797
3465,3465.0,6.79
3466,3466.0,6.782
3467,3467.0,6.773
3468,3468.0,6.764
3469,3469.0,6.754
3470,3470.0,6.744
3471,3471.0,6.734
3472,3472.0,6.725
3473,3473.0,6.717
3474,3474.0,6.709
3475,3475.0,6.703
3476,3476.0,6.698
3477,3477.0,6.695
3478,3478.0,6.693
3479,3479.0,6.693
3480,3480.0,6.694
3481,3481.0,6.697
3482,3482.0,6.701
3483,3483.0,6.706
3484,3484.0,6.713
3485,3485.0,6.72
3486,3486.0,6.729
3487,3487.0,6.737
3488,3488.0,6.747
3489,3489.0,6.756
3490,3490.0,6.765
3491,3491.0,6.774
3492,3492.0,6.782
3493,3493.0,6.789
3494,3494.0,6.796
3495,3495.0,6.801
3496,3496.0,6.806
3497,3497.0,6.809
3498,3498.0,6.811
3499,3499.0,6.812
3500,3500.0,6.812
3501,3501.0,6.811
3502,3502.0,6.809
3503,3503.0,6.805
3504,3504.0,6.801
3505,3505.0,6.796
3506,3506.0,6.79
3507,3507.0,6.784
3508,3508.0,6.777
3509,3509.0,6.769
3510,3510.0,6.762
3511,3511.0,6.754
3512,3512.0,6.746
3513,3513.0,6.739
3514,3514.0,6.731
3515,3515.0,6.724
3516,3516.0,6.717
3517,3517.0,6.711
3518,3518.0,6.706
3519,3519.0,6.701
3520,3520.0,6.697
3521,3521.0,6.694
3522,3522.0,6.693
3523,3523.0,6.692
3524,3524.0,6.693
3525,3525.0,6.694
3526,3526.0,6.697
3527,3527.0,6.702
3528,3528.0,6.707
3529,3529.0,6.714
3530,3530.0,6.721
3531,3531.0,6.73
3532,3532.0,6.739
3533,3533.0,6.749
3534,3534.0,6.76
3535,3535.0,6.771
3536,3536.0,6.781
3537,3537.0,6.792
3538,3538.0,6.802
3539,3539.0,6.811
3540,3540.0,6.819
3541,3541.0,6.826
3542,3542.0,6.831
3543,3543.0,6.834
3544,3544.0,6.836
3545,3545.0,6.836
3546,3546.0,6.834
3547,3547.0,6.83
3548,3548.0,6.825
3549,3549.0,6.817
3550,3550.0,6.808
3551,3551.0,6.798
3552,3552.0,6.787
3553,3553.0,6.775
3554,3554.0,6.763
3555,3555.0,6.75
3556,3556.0,6.738
3557,3557.0,6.727
3558,3558.0,6.716
3559,3559.0,6.706
3560,3560.0,6.698
3561,3561.0,6.691
3562,3562.0,6.686
3563,3563.0,6.683
3564,3564.0,6.681
3565,3565.0,6.682
3566,3566.0,6.684
3567,3567.0,6.688
3568,3568.0,6.694
3569,3569.0,6.701
3570,3570.0,6.709
3571,3571.0,6.719
3572,3572.0,6.729
3573,3573.0,6.739
3574,3574.0,6.75
3575,3575.0,6.76
3576,3576.0,6.77
3577,3577.0,6.78
3578,3578.0,6.788
3579,3579.0,6.795
3580,3580.0,6.802
3581,3581.0,6.806
3582,3582.0,6.809
3583,3583.0,6.811
3584,3584.0,6.811
3585,3585.0,6.809
3586,3586.0,6.806
3587,3587.0,6.802
3588,3588.0,6.797
3589,3589.0,6.79
3590,3590.0,6.783
3591,3591.0,6.776
3592,3592.0,6.768
3593,3593.0,6.76
3594,3594.0,6.752
3595,3595.0,6.745
3596,3596.0,6.738
3597,3597.0,6.731
3598,3598.0,6.726
3599,3599.0,6.721
3600,3600.0,6.717
3601,3601.0,6.714
3602,3602.0,6.712
3603,3603.0,6.711
3604,3604.0,6.711
3605,3605.0,6.712
3606,3606.0,6.714
3607,3607.0,6.717
3608,3608.0,6.721
3609,3609.0,6.725
3610,3610.0,6.73
3611,3611.0,6.736
3612,3612.0,6.742
3613,3613.0,6.748
3614,3614.0,6.754
3615,3615.0,6.76
3616,3616.0,6.767
3617,3617.0,6.773
3618,3618.0,6.778
3619,3619.0,6.783
3620,3620.0,6.788
3621,3621.0,6.791
3622,3622.0,6.794
3623,3623.0,6.796
3624,3624.0,6.797
3625,3625.0,6.797
3626,3626.0,6.795
3627,3627.0,6.793
3628,3628.0,6.79
3629,3629.0,6.785
3630,3630.0,6.78
3631,3631.0,6.774
3632,3632.0,6.767
3633,3633.0,6.759
3634,3634.0,6.752
3635,3635.0,6.744
3636,3636.0,6.736
3637,3637.0,6.728
3638,3638.0,6.72
3639,3639.0,6.714
3640,3640.0,6.708
3641,3641.0,6.703
3642,3642.0,6.699
3643,3643.0,6.696
3644,3644.0,6.695
3645,3645.0,6.695
3646,3646.0,6.696
3647,3647.0,6.699
3648,3648.0,6.704
3649,3649.0,6.71
3650,3650.0,6.717
3651,3651.0,6.725
3652,3652.0,6.735
3653,3653.0,6.745
3654,3654.0,6.755
3655,3655.0,6.766
3656,3656.0,6.777
3657,3657.0,6.787
3658,3658.0,6.797
3659,3659.0,6.806
3660,3660.0,6.813
3661,3661.0,6.82
3662,3662.0,6.825
3663,3663.0,6.828
3664,3664.0,6.829
3665,3665.0,6.829
3666,3666.0,6.827
3667,3667.0,6.822
3668,3668.0,6.817
3669,3669.0,6.809
3670,3670.0,6.8
3671,3671.0,6.79
3672,3672.0,6.78
3673,3673.0,6.768
3674,3674.0,6.756
3675,3675.0,6.744
3676,3676.0,6.733
3677,3677.0,6.721
3678,3678.0,6.711
3679,3679.0,6.701
3680,3680.0,6.693
3681,3681.0,6.686
3682,3682.0,6.681
3683,3683.0,6.677
3684,3684.0,6.675
3685,3685.0,6.675
3686,3686.0,6.676
3687,3687.0,6.679
3688,3688.0,6.684
3689,3689.0,6.69
3690,3690.0,6.698
3691,3691.0,6.707
3692,3692.0,6.717
3693,3693.0,6.728
3694,3694.0,6.739
3695,3695.0,6.751
3696,3696.0,6.762
3697,3697.0,6.774
3698,3698.0,6.785
3699,3699.0,6.796
3700,3700.0,6.805
3701,3701.0,6.814
3702,3702.0,6.822
3703,3703.0,6.828
3704,3704.0,6.832
3705,3705.0,6.835
3706,3706.0,6.836
3707,3707.0,6.836
3708,3708.0,6.834
3709,3709.0,6.83
3710,3710.0,6.825
3711,3711.0,6.818
3712,3712.0,6.811
3713,3713.0,6.802
3714,3714.0,6.792
3715,3715.0,6.782
3716,3716.0,6.771
3717,3717.0,6.76
3718,3718.0,6.75
3719,3719.0,6.739
3720,3720.0,6.729
3721,3721.0,6.72
3722,3722.0,6.712
3723,3723.0,6.704
3724,3724.0,6.698
3725,3725.0,6.694
3726,3726.0,6.691
3727,3727.0,6.689
3728,3728.0,6.689
3729,3729.0,6.691
3730,3730.0,6.694
3731,3731.0,6.699
3732,3732.0,6.704
3733,3733.0,6.711
3734,3734.0,6.719
3735,3735.0,6.728
3736,3736.0,6.738
3737,3737.0,6.747
3738,3738.0,6.757
3739,3739.0,6.767
3740,3740.0,6.776
3741,3741.0,6.785
3742,3742.0,6.793
3743,3743.0,6.8
3744,3744.0,6.806
3745,3745.0,6.81
3746,3746.0,6.813
3747,3747.0,6.815
3748,3748.0,6.815
3749,3749.0,6.814
3750,3750.0,6.811
3751,3751.0,6.807
3752,3752.0,6.802
3753,3753.0,6.795
3754,3754.0,6.788
3755,3755.0,6.78
3756,3756.0,6.772
3757,3757.0,6.763
3758,3758.0,6.755
3759,3759.0,6.747
3760,3760.0,6.739
3761,3761.0,6.731
3762,3762.0,6.724
3763,3763.0,6.718
3764,3764.0,6.714
3765,3765.0,6.71
3766,3766.0,6.707
3767,3767.0,6.706
3768,3768.0,6.706
3769,3769.0,6.707
3770,3770.0,6.709
3771,3771.0,6.712
3772,3772.0,6.716
3773,3773.0,6.722
3774,3774.0,6.727
3775,3775.0,6.734
3776,3776.0,6.741
3777,3777.0,6.748
3778,3778.0,6.755
3779,3779.0,6.763
3780,3780.0,6.769
3781,3781.0,6.776
3782,3782.0,6.782
3783,3783.0,6.787
3784,3784.0,6.792
3785,3785.0,6.795
3786,3786.0,6.797
3787,3787.0,6.799
3788,3788.0,6.799
3789,3789.0,6.798
3790,3790.0,6.795
3791,3791.0,6.792
3792,3792.0,6.788
3793,3793.0,6.782
3794,3794.0,6.776
3795,3795.0,6.769
3796,3796.0,6.762
3797,3797.0,6.755
3798,3798.0,6.747
3799,3799.0,6.74
3800,3800.0,6.732
3801,3801.0,6.726
3802,3802.0,6.719
3803,3803.0,6.714
3804,3804.0,6.71
3805,3805.0,6.707
3806,3806.0,6.705
3807,3807.0,6.704
3808,3808.0,6.705
3809,3809.0,6.707
3810,3810.0,6.711
3811,3811.0,6.715
3812,3812.0,6.721
3813,3813.0,6.729
3814,3814.0,6.737
3815,3815.0,6.746
3816,3816.0,6.755
3817,3817.0,6.765
3818,3818.0,6.775
3819,3819.0,6.785
3820,3820.0,6.795
3821,3821.0,6.804
3822,3822.0,6.812
3823,3823.0,6.819
3824,3824.0,6.825
3825,3825.0,6.829
3826,3826.0,6.832
3827,3827.0,6.833
3828,3828.0,6.832
3829,3829.0,6.83
3830,3830.0,6.826
3831,3831.0,6.82
3832,3832.0,6.813
3833,3833.0,6.804
3834,3834.0,6.795
3835,3835.0,6.784
3836,3836.0,6.773
3837,3837.0,6.762
3838,3838.0,6.751
3839,3839.0,6.74
3840,3840.0,6.73
3841,3841.0,6.72
3842,3842.0,6.711
3843,3843.0,6.704
3844,3844.0,6.698
3845,3845.0,6.693
3846,3846.0,6.69
3847,3847.0,6.689
3848,3848.0,6.689
3849,3849.0,6.691
3850,3850.0,6.694
3851,3851.0,6.699
3852,3852.0,6.705
3853,3853.0,6.712
3854,3854.0,6.72
3855,3855.0,6.729
3856,3856.0,6.738
3857,3857.0,6.748
3858,3858.0,6.757
3859,3859.0,6.767
3860,3860.0,6.776
3861,3861.0,6.785
3862,3862.0,6.794
3863,3863.0,6.801
3864,3864.0,6.807
3865,3865.0,6.812
3866,3866.0,6.816
3867,3867.0,6.819
3868,3868.0,6.82
3869,3869.0,6.821
3870,3870.0,6.819
3871,3871.0,6.817
3872,3872.0,6.814
3873,3873.0,6.809
3874,3874.0,6.803
3875,3875.0,6.797
3876,3876.0,6.79
3877,3877.0,6.782
3878,3878.0,6.774
3879,3879.0,6.765
3880,3880.0,6.757
3881,3881.0,6.748
3882,3882.0,6.74
3883,3883.0,6.731
3884,3884.0,6.724
3885,3885.0,6.717
3886,3886.0,6.71
3887,3887.0,6.705
3888,3888.0,6.7
3889,3889.0,6.697
3890,3890.0,6.695
3891,3891.0,6.693
3892,3892.0,6.693
3893,3893.0,6.695
3894,3894.0,6.697
3895,3895.0,6.701
3896,3896.0,6.705
3897,3897.0,6.711
3898,3898.0,6.718
3899,3899.0,6.725
3900,3900.0,6.734
3901,3901.0,6.742
3902,3902.0,6.751
3903,3903.0,6.761
3904,3904.0,6.77
3905,3905.0,6.778
3906,3906.0,6.787
3907,3907.0,6.794
3908,3908.0,6.801
3909,3909.0,6.806
3910,3910.0,6.81
3911,3911.0,6.813
3912,3912.0,6.815
3913,3913.0,6.815
3914,3914.0,6.813
3915,3915.0,6.81
3916,3916.0,6.806
3917,3917.0,6.801
3918,3918.0,6.794
3919,3919.0,6.787
3920,3920.0,6.779
3921,3921.0,6.77
3922,3922.0,6.761
3923,3923.0,6.753
3924,3924.0,6.744
3925,3925.0,6.737
3926,3926.0,6.73
3927,3927.0,6.723
3928,3928.0,6.718
3929,3929.0,6.715
3930,3930.0,6.712
3931,3931.0,6.711
3932,3932.0,6.711
3933,3933.0,6.713
3934,3934.0,6.716
3935,3935.0,6.72
3936,3936.0,6.725
3937,3937.0,6.732
3938,3938.0,6.738
3939,3939.0,6.746
3940,3940.0,6.753
3941,3941.0,6.761
3942,3942.0,6.768
3943,3943.0,6.775
3944,3944.0,6.781
3945,3945.0,6.786
3946,3946.0,6.79
3947,3947.0,6.794
3948,3948.0,6.795
3949,3949.0,6.796
3950,3950.0,6.795
3951,3951.0,6.793
3952,3952.0,6.79
3953,3953.0,6.786
3954,3954.0,6.781
3955,3955.0,6.776
3956,3956.0,6.77
3957,3957.0,6.763
3958,3958.0,6.757
3959,3959.0,6.75
3960,3960.0,6.744
3961,3961.0,6.739
3962,3962.0,6.734
3963,3963.0,6.729
3964,3964.0,6.726
3965,3965.0,6.723
3966,3966.0,6.721
3967,3967.0,6.72
3968,3968.0,6.72
3969,3969.0,6.721
3970,3970.0,6.722
3971,3971.0,6.725
3972,3972.0,6.728
3973,3973.0,6.731
3974,3974.0,6.735
3975,3975.0,6.739
3976,3976.0,6.743
3977,3977.0,6.748
3978,3978.0,6.752
3979,3979.0,6.757
3980,3980.0,6.761
3981,3981.0,6.765
3982,3982.0,6.769
3983,3983.0,6.772
3984,3984.0,6.775
3985,3985.0,6.778
3986,3986.0,6.78
3987,3987.0,6.782
3988,3988.0,6.783
3989,3989.0,6.784
3990,3990.0,6.785
3991,3991.0,6.785
3992,3992.0,6.784
3993,3993.0,6.783
3994,3994.0,6.782
3995,3995.0,6.779
3996,3996.0,6.777
3997,3997.0,6.774
3998,3998.0,6.77
3999,3999.0,6.766
