,age_kyrBP,X
0,3499.0,-0.2629377684116184
1,3500.0,-0.32714273415778644
2,3501.0,-0.394028160142116
3,3502.0,-0.46202820546568407
4,3503.0,-0.5293616801756941
5,3504.0,-0.5945223579311724
6,3505.0,-0.65597293793887
7,3506.0,-0.7121450449535555
8,3507.0,-0.7614641744991036
9,3508.0,-0.8029652844204931
10,3509.0,-0.8358856425586814
11,3510.0,-0.8595095562711618
12,3511.0,-0.8733020913389687
13,3512.0,-0.8769090719665706
14,3513.0,-0.8701726007497129
15,3514.0,-0.8536205165476175
16,3515.0,-0.8275183912574737
17,3516.0,-0.7921567037910192
18,3517.0,-0.7482114031892024
19,3518.0,-0.6967439086221596
20,3519.0,-0.6391951201442564
21,3520.0,-0.5765372921674764
22,3521.0,-0.5098050655407632
23,3522.0,-0.4404305885894551
24,3523.0,-0.36977559507584307
25,3524.0,-0.29913140419904316
26,3525.0,-0.2297107177759372
27,3526.0,-0.16306817107183996
28,3527.0,-0.10124134177837324
29,3528.0,-0.04575213260915248
30,3529.0,0.0024806463411291557
31,3530.0,0.04269994912585515
32,3531.0,0.07333906242535104
33,3532.0,0.09363233102895054
34,3533.0,0.10300179297127562
35,3534.0,0.10091437035887166
36,3535.0,0.08733144810583718
37,3536.0,0.06287250974025202
38,3537.0,0.028178263544405942
39,3538.0,-0.016025501647169156
40,3539.0,-0.06863410360245001
41,3540.0,-0.12840417130566462
42,3541.0,-0.1933047037083051
43,3542.0,-0.2605570605889662
44,3543.0,-0.32804092267382123
45,3544.0,-0.3938789966083867
46,3545.0,-0.4553663265854395
47,3546.0,-0.5101882961632989
48,3547.0,-0.5563881340780601
49,3548.0,-0.5922235928537113
50,3549.0,-0.6158838232801587
51,3550.0,-0.6262330090593788
52,3551.0,-0.6227402494091713
53,3552.0,-0.6054386085251166
54,3553.0,-0.5736994233037029
55,3554.0,-0.5281590153026451
56,3555.0,-0.47004868353144913
57,3556.0,-0.40021945596258895
58,3557.0,-0.3193326682935283
59,3558.0,-0.22926509061374567
60,3559.0,-0.13224923130848898
61,3560.0,-0.03044425537194978
62,3561.0,0.07403095061386439
63,3562.0,0.1793153973829567
64,3563.0,0.2830838777002696
65,3564.0,0.3823434019799528
66,3565.0,0.4744471424558098
67,3566.0,0.557074921096792
68,3567.0,0.6276948622840046
69,3568.0,0.6838509965755952
70,3569.0,0.7234722881960264
71,3570.0,0.744843450958184
72,3571.0,0.7460954658711954
73,3572.0,0.7257738445246116
74,3573.0,0.6835977861781477
75,3574.0,0.6198041805787646
76,3575.0,0.5352549782220031
77,3576.0,0.4313593109305487
78,3577.0,0.30937353068728773
79,3578.0,0.17167951643687662
80,3579.0,0.021909237237399272
81,3580.0,-0.13652080035593794
82,3581.0,-0.3015822056505598
83,3582.0,-0.4704301232953727
84,3583.0,-0.6394928120120738
85,3584.0,-0.8044756286026251
86,3585.0,-0.9619206729264296
87,3586.0,-1.1080956146000585
88,3587.0,-1.2387911325440069
89,3588.0,-1.3506247957154844
90,3589.0,-1.4410367841706546
91,3590.0,-1.5071466974238872
92,3591.0,-1.5474849338651246
93,3592.0,-1.5623854734310723
94,3593.0,-1.5529136241517334
95,3594.0,-1.5208660221503305
96,3595.0,-1.4687435849781718
97,3596.0,-1.3996337796853902
98,3597.0,-1.3169507497964863
99,3598.0,-1.2237691696952107
100,3599.0,-1.1227609910200782
101,3600.0,-1.0162053315862936
102,3601.0,-0.9064103581975038
103,3602.0,-0.795697684187687
104,3603.0,-0.6860831778028535
105,3604.0,-0.579314547177355
106,3605.0,-0.4768713403343159
107,3606.0,-0.38031049809074075
108,3607.0,-0.29122978553306467
109,3608.0,-0.2109347966634874
110,3609.0,-0.14068844175237522
111,3610.0,-0.08165521152288051
112,3611.0,-0.034424295193192
113,3612.0,-0.000223480716971855
114,3613.0,0.02010161161222332
115,3614.0,0.02642726765186293
116,3615.0,0.019041603993245233
117,3616.0,-0.0023917933940372123
118,3617.0,-0.03740919790071562
119,3618.0,-0.08527237122581653
120,3619.0,-0.14508990398339772
121,3620.0,-0.21610169703672782
122,3621.0,-0.29649861514984016
123,3622.0,-0.38418388267859005
124,3623.0,-0.47705141482394897
125,3624.0,-0.5729858176321825
126,3625.0,-0.6698581273463523
127,3626.0,-0.7644165299786674
128,3627.0,-0.8544111990785955
129,3628.0,-0.938263146587931
130,3629.0,-1.013681988764464
131,3630.0,-1.0776659461816607
132,3631.0,-1.1282355375575537
133,3632.0,-1.164717540457289
134,3633.0,-1.1857586501491646
135,3634.0,-1.1908428967937672
136,3635.0,-1.1802948319674833
137,3636.0,-1.1545240189595019
138,3637.0,-1.113525379522296
139,3638.0,-1.0583315612053896
140,3639.0,-0.990013969491684
141,3640.0,-0.9096630336881644
142,3641.0,-0.8185214163110232
143,3642.0,-0.7189826213113353
144,3643.0,-0.6128025963498288
145,3644.0,-0.5018480160734691
146,3645.0,-0.38839498949161066
147,3646.0,-0.2750704280406194
148,3647.0,-0.16407611842906877
149,3648.0,-0.05777073676285949
150,3649.0,0.041450058848717775
151,3650.0,0.1313005624238296
152,3651.0,0.20893274287413527
153,3652.0,0.27266143667051373
154,3653.0,0.3212010926268423
155,3654.0,0.3518752602290802
156,3655.0,0.3631744859033072
157,3656.0,0.35534804647494117
158,3657.0,0.3281089309974678
159,3658.0,0.28106179748727605
160,3659.0,0.21540384877210064
161,3660.0,0.13264833346265528
162,3661.0,0.03461469617908908
163,3662.0,-0.0762948732933251
164,3663.0,-0.1965730761678848
165,3664.0,-0.3228833146646449
166,3665.0,-0.4522303902935883
167,3666.0,-0.581966560617881
168,3667.0,-0.70858239361451
169,3668.0,-0.8275063314883088
170,3669.0,-0.9351139888191973
171,3670.0,-1.0288490963919505
172,3671.0,-1.1070832887398083
173,3672.0,-1.1675784961032327
174,3673.0,-1.2083848299551065
175,3674.0,-1.228828944885503
176,3675.0,-1.2294985780246726
177,3676.0,-1.211667526377493
178,3677.0,-1.1761580926739734
179,3678.0,-1.1252488686468427
180,3679.0,-1.0613075111011117
181,3680.0,-0.9866884294899213
182,3681.0,-0.9037300701840363
183,3682.0,-0.8148538189549877
184,3683.0,-0.7225932178453004
185,3684.0,-0.6294590565654314
186,3685.0,-0.5379328266968151
187,3686.0,-0.4504620463069419
188,3687.0,-0.36873134767266025
189,3688.0,-0.2944449780100159
190,3689.0,-0.2293884447921752
191,3690.0,-0.1748577626618681
192,3691.0,-0.1317126392159155
193,3692.0,-0.10117956627041583
194,3693.0,-0.08312434001038986
195,3694.0,-0.0771818363619945
196,3695.0,-0.08332907464168267
197,3696.0,-0.10136983092499095
198,3697.0,-0.1300854342782372
199,3698.0,-0.16820239048157132
200,3699.0,-0.2144174110169406
201,3700.0,-0.26731351687372423
202,3701.0,-0.3249153478531796
203,3702.0,-0.3851794326226087
204,3703.0,-0.4462071669025846
205,3704.0,-0.5063681549832878
206,3705.0,-0.5644378749282011
207,3706.0,-0.6179997568681943
208,3707.0,-0.6650551348504914
209,3708.0,-0.7042866287024876
210,3709.0,-0.7348799452416063
211,3710.0,-0.7559147074667758
212,3711.0,-0.7668100806175594
213,3712.0,-0.767263951024156
214,3713.0,-0.757241719059683
215,3714.0,-0.736830549435236
216,3715.0,-0.7061783364935761
217,3716.0,-0.6658249914867002
218,3717.0,-0.6162047953019676
219,3718.0,-0.5576253362200091
220,3719.0,-0.49075349652375594
221,3720.0,-0.4170673605893206
222,3721.0,-0.3377458479404922
223,3722.0,-0.2537752322422736
224,3723.0,-0.1659502716387502
225,3724.0,-0.07516460995630019
226,3725.0,0.016904771554083542
227,3726.0,0.1087128774862739
228,3727.0,0.19865592353994366
229,3728.0,0.28505310073134077
230,3729.0,0.3661745073496394
231,3730.0,0.4402117456734863
232,3731.0,0.5052304281294068
233,3732.0,0.5591983038719319
234,3733.0,0.6000697362259503
235,3734.0,0.6265585819844264
236,3735.0,0.63654122435974
237,3736.0,0.6283344839148273
238,3737.0,0.6011348904371818
239,3738.0,0.5549017948496683
240,3739.0,0.48958062571034144
241,3740.0,0.40588355073958937
242,3741.0,0.3050219820687448
243,3742.0,0.18860731892983396
244,3743.0,0.0587155862340176
245,3744.0,-0.08197364518314842
246,3745.0,-0.23049817000567108
247,3746.0,-0.38360440597648576
248,3747.0,-0.5377425807086251
249,3748.0,-0.6891601749567371
250,3749.0,-0.8343062111593544
251,3750.0,-0.9695895206060675
252,3751.0,-1.0913327565676683
253,3752.0,-1.1957766297719945
254,3753.0,-1.2795418736987578
255,3754.0,-1.3405591922093059
256,3755.0,-1.3772765853465399
257,3756.0,-1.3890995221868294
258,3757.0,-1.376406964666186
259,3758.0,-1.340481610806669
260,3759.0,-1.283287371646862
261,3760.0,-1.2072579234813785
262,3761.0,-1.1150592373746535
263,3762.0,-1.009583209596145
264,3763.0,-0.8939482695983055
265,3764.0,-0.7714812611616
266,3765.0,-0.6455283987290823
267,3766.0,-0.5193583024776636
268,3767.0,-0.39616281871469305
269,3768.0,-0.27902848712909006
270,3769.0,-0.1702515578196048
271,3770.0,-0.07302468451464822
272,3771.0,0.00962557736002051
273,3772.0,0.07551846238992643
274,3773.0,0.12312962374878662
275,3774.0,0.15087160217004508
276,3775.0,0.15785149733062298
277,3776.0,0.14368971201421307
278,3777.0,0.10789342020127113
279,3778.0,0.05093355519007883
280,3779.0,-0.025576223348455572
281,3780.0,-0.11988232922996432
282,3781.0,-0.22941244202951694
283,3782.0,-0.351419744947567
284,3783.0,-0.48286498827674557
285,3784.0,-0.6203262984511642
286,3785.0,-0.7602374828939323
287,3786.0,-0.8986464881720246
288,3787.0,-1.0305964833032815
289,3788.0,-1.1521057808465787
290,3789.0,-1.260285831203944
291,3790.0,-1.3531172341960958
292,3791.0,-1.4280908629669844
293,3792.0,-1.4836629517090045
294,3793.0,-1.519127032003115
295,3794.0,-1.5344976790976137
296,3795.0,-1.5304160551805102
297,3796.0,-1.5076541481861876
298,3797.0,-1.4680270513177276
299,3798.0,-1.4134278674373528
300,3799.0,-1.3456250373285927
301,3800.0,-1.2662637640573347
302,3801.0,-1.1771851826986357
303,3802.0,-1.080681116408457
304,3803.0,-0.9788947232636388
305,3804.0,-0.8737508770086038
306,3805.0,-0.7669526499598659
307,3806.0,-0.6601136837604881
308,3807.0,-0.5552049666550437
309,3808.0,-0.4539779207163676
310,3809.0,-0.3578232053157992
311,3810.0,-0.2677707171235787
312,3811.0,-0.18557798200795445
313,3812.0,-0.11310177634916779
314,3813.0,-0.05091230771898639
315,3814.0,0.0005553595279845225
316,3815.0,0.04093391493797557
317,3816.0,0.06952836969288048
318,3817.0,0.0859104665856628
319,3818.0,0.0897917015444729
320,3819.0,0.08096354311298375
321,3820.0,0.059600306671032034
322,3821.0,0.026528695782092625
323,3822.0,-0.017211754836046603
324,3823.0,-0.07033219647061797
325,3824.0,-0.13166705685934815
326,3825.0,-0.20012559333396665
327,3826.0,-0.2742174135166489
328,3827.0,-0.3517083339944102
329,3828.0,-0.4300994466069741
330,3829.0,-0.5072865025078991
331,3830.0,-0.5814857318014004
332,3831.0,-0.6513099734045008
333,3832.0,-0.7148421280627659
334,3833.0,-0.7693991934220763
335,3834.0,-0.8131492955706505
336,3835.0,-0.8451865119688475
337,3836.0,-0.8653064098207613
338,3837.0,-0.8725092877598107
339,3838.0,-0.8661965004839635
340,3839.0,-0.846251624431926
341,3840.0,-0.8129543932651554
342,3841.0,-0.767011945941816
343,3842.0,-0.7092072025019406
344,3843.0,-0.6402703707155905
345,3844.0,-0.5615653331079244
346,3845.0,-0.47512640660279454
347,3846.0,-0.3831400684070663
348,3847.0,-0.2868819514147997
349,3848.0,-0.1880684552821963
350,3849.0,-0.08881440854389394
351,3850.0,0.008379525014173826
352,3851.0,0.10119762343208283
353,3852.0,0.18745376339053335
354,3853.0,0.26489317148745956
355,3854.0,0.3314070526624583
356,3855.0,0.3849943066061677
357,3856.0,0.42364953438417297
358,3857.0,0.4461801989118682
359,3858.0,0.451706019892897
360,3859.0,0.4395310037820806
361,3860.0,0.4097598523887111
362,3861.0,0.3626085195601042
363,3862.0,0.29862540180801345
364,3863.0,0.21921063571389993
365,3864.0,0.12686810546168859
366,3865.0,0.02451345049218942
367,3866.0,-0.08482592649225199
368,3867.0,-0.19791083814928748
369,3868.0,-0.3112111087969826
370,3869.0,-0.4214570625002244
371,3870.0,-0.525867155205843
372,3871.0,-0.6212045844814669
373,3872.0,-0.7037671608776386
374,3873.0,-0.7716757806423089
375,3874.0,-0.8231120463579282
376,3875.0,-0.8562412304790309
377,3876.0,-0.8705545231592775
378,3877.0,-0.8667641070140902
379,3878.0,-0.8455651423514462
380,3879.0,-0.8076834085220648
381,3880.0,-0.754370874974342
382,3881.0,-0.6873990171890767
383,3882.0,-0.6089801600286794
384,3883.0,-0.5215389044870505
385,3884.0,-0.42789570008766264
386,3885.0,-0.33082859211275434
387,3886.0,-0.23303302632156347
388,3887.0,-0.137045497575866
389,3888.0,-0.04501034319570171
390,3889.0,0.040039413474776436
391,3890.0,0.11553848168153114
392,3891.0,0.17966609572609255
393,3892.0,0.23033516332581244
394,3893.0,0.26583903056221014
395,3894.0,0.28533197219286843
396,3895.0,0.2880174465257939
397,3896.0,0.2726485212498594
398,3897.0,0.23924730212319845
399,3898.0,0.1886177925756578
400,3899.0,0.12171333527527342
401,3900.0,0.03888030390632852
402,3901.0,-0.05821704862400526
403,3902.0,-0.16636734668292924
404,3903.0,-0.282689274497461
405,3904.0,-0.4050907776682737
406,3905.0,-0.530832742005976
407,3906.0,-0.6567776955012563
408,3907.0,-0.7794208270712617
409,3908.0,-0.8962273752966117
410,3909.0,-1.0042684109500526
411,3910.0,-1.1005627620769851
412,3911.0,-1.1828090084793725
413,3912.0,-1.2493854817153425
414,3913.0,-1.299270608073983
415,3914.0,-1.331381865900588
416,3915.0,-1.3456536439618818
417,3916.0,-1.3424917301009547
418,3917.0,-1.3225617816451891
419,3918.0,-1.2867893255397072
420,3919.0,-1.236412968880531
421,3920.0,-1.1730381281472146
422,3921.0,-1.0983384581138136
423,3922.0,-1.0139914287851668
424,3923.0,-0.9216783253968136
425,3924.0,-0.8232260372229198
426,3925.0,-0.7206488300253489
427,3926.0,-0.6153285838882676
428,3927.0,-0.5087510028624112
429,3928.0,-0.4025688673666968
430,3929.0,-0.29860203418803977
431,3930.0,-0.1988866567347982
432,3931.0,-0.10521013577471403
433,3932.0,-0.019129847579016868
434,3933.0,0.05766343280899883
435,3934.0,0.12338244461102708
436,3935.0,0.17654412688899684
437,3936.0,0.21561008054131414
438,3937.0,0.23920889889329386
439,3938.0,0.2462270954616144
440,3939.0,0.23593611092453853
441,3940.0,0.20812162319382643
442,3941.0,0.16285079497278038
443,3942.0,0.10047345505385594
444,3943.0,0.021958822845146317
445,3944.0,-0.07132436930190308
446,3945.0,-0.17774115209126296
447,3946.0,-0.2954721330416671
448,3947.0,-0.42186099296939017
449,3948.0,-0.5535287462834002
450,3949.0,-0.6874113602912888
451,3950.0,-0.8206271812664792
452,3951.0,-0.9492490736962242
453,3952.0,-1.0692136770102207
454,3953.0,-1.1771499137897208
455,3954.0,-1.2703726326361267
456,3955.0,-1.3462993151818137
457,3956.0,-1.4026891386432092
458,3957.0,-1.438184253511812
459,3958.0,-1.4522240334634184
460,3959.0,-1.4450450753580957
461,3960.0,-1.4177349345805936
462,3961.0,-1.3718713188699558
463,3962.0,-1.3083980202269252
464,3963.0,-1.2288104793316261
465,3964.0,-1.135319043584171
466,3965.0,-1.0308489039209598
467,3966.0,-0.9182479043889743
468,3967.0,-0.7994271257125087
469,3968.0,-0.6766834074160591
470,3969.0,-0.5526736303139104
471,3970.0,-0.43041471651062424
472,3971.0,-0.312870450095723
473,3972.0,-0.20213607582170537
474,3973.0,-0.100540239308815
475,3974.0,-0.01031906565119678
476,3975.0,0.06642324175607306
477,3976.0,0.1280637467617432
478,3977.0,0.17312396350618364
479,3978.0,0.20029639742198596
480,3979.0,0.20855561175560444
481,3980.0,0.1977903915153703
482,3981.0,0.16874408300018406
483,3982.0,0.12224324848179935
484,3983.0,0.05903417216341673
485,3984.0,-0.01910375900087735
486,3985.0,-0.10965654097099084
487,3986.0,-0.21017982977400582
488,3987.0,-0.31811240536255503
489,3988.0,-0.4302810609512591
490,3989.0,-0.5434262065300078
491,3990.0,-0.6542525951947633
492,3991.0,-0.7593235134831221
493,3992.0,-0.8556576108830578
494,3993.0,-0.941301916629514
495,3994.0,-1.0141672945421527
496,3995.0,-1.0719681395295515
497,3996.0,-1.1128398763050724
498,3997.0,-1.1370821977480687
499,3998.0,-1.1449509989162103
